페이지,순번,게시일,리포트명,종목명,티커,거래소,GoogleFinance 심볼,PDF URL,PDF 파일명,리포트 현재주가,Bear 목표가,Base 목표가,Bull 목표가,목표가 통화,투자포인트,GoogleFinance 현재가,Base 대비 괴리율,추출 상태,비고
1,1,2026-04-16T02:37:54,"Equity Research, SK오션플랜트",SK오션플랜트,100090,KRX,KRX:100090,http://snusmic.com/wp-content/uploads/2026/04/26-1_1주차_수정보고서_5팀_SK오션플랜트.pdf,2026-04-16_equity-research-sk오션플랜트.pdf,23300.0,,41600.0,,KRW,"① 시의성과 정책 두 가지 드라이버가 확보되었다. 한국, 유럽, 대만 3국이 해상풍력을 강 력히 추진하며 시장을 확장시키기까지 머지 않았다. 한국은 과거의 유럽과 대만처럼 정책적 지원을 등에 업고 판매단가의 안정화를 이뤄낼 것이고, 지금까지 발전비용을 끌어올렸던 핵심 병목들을 완벽히 끊어낼 것이다. 유럽에서는 HVDC 해상 변전소의 등장이 사양 되어있던 재킷의 수요를 깨울 것이며, 대만에서는 LCR의 폐지가 동사의 추가적인 점유율 확대를 이끌 것이다. 동사는 검증된 레퍼런스와 빠른 납기, 확장될 CAPA를 바탕으로 주무기인 재킷과 함께 온 세계를 호령할 준비를 마쳤다. 조선으로의 복귀전과 데뷔전 – 투자포인트 ② 전세계적인 중소형 선단들의 노후화 현상과 선박에 대한 친환경 규제가 만나 현 시점 에서 친환경 선박에 대한 확실한 수요가 발생...","=IFERROR(GOOGLEFINANCE($H2,""price""),"""")","=IF(OR($M2="""",$Q2=""""),"""",$M2/$Q2-1)",ok,Korean numeric ticker; exchange prefix inferred as KRX
1,2,2026-04-16T02:36:50,"Equity Research, 세아제강",세아제강,306200,KRX,KRX:306200,http://snusmic.com/wp-content/uploads/2026/04/26-1_1주차_수정보고서_4팀_세아제강.pdf,2026-04-16_equity-research-세아제강.pdf,,,286700.0,,KRW,"① 이란전쟁은 중동에 에너지 생산보다 운송이 중요하다는 새로운 규칙을 부여했다. 호르 무즈 해협 봉쇄에 경제적으로 가장 큰 타격을 입은 이라크, 그리고 정치적으로 가장 큰 타격을 입은 사우디는 반드시 호르무즈 우회 파이프라인을 건설할 것이다. 이러한 새로운 규칙 하에서 동사는 납기 준수 능력과 수많은 레퍼런스, 그리고 다양한 제품 포트폴리오를 바탕으로 중동에서 폭발적인 매출 성장을 이뤄낼 것이다. 3. 미국의 Now & Future – 투자포인트 ② 글로벌 에너지 패권 재편의 중심에서, 동사는 미국 시장의 현재와 미래를 관통하는 역 사적인 수혜 모멘텀을 마주했다. 중동의 지정학적 위기가 고착화시킬 고유가 국면은 시추 확대로 이어져 동사의 OCTG 실적으로 직결될 것이다. 나아가 아시아 에너지 공 급망의 핵심이 될 알래스카 LNG 프로젝트...","=IFERROR(GOOGLEFINANCE($H3,""price""),"""")","=IF(OR($M3="""",$Q3=""""),"""",$M3/$Q3-1)",ok,Korean numeric ticker; exchange prefix inferred as KRX
1,3,2026-04-16T02:35:46,"Equity Research, Golar LNG",Golar LNG,GLNG,NASDAQ,NASDAQ:GLNG,http://snusmic.com/wp-content/uploads/2026/04/26-1_1주차_수정보고서_3팀_Golar_LNG_Limited.pdf,2026-04-16_equity-research-golar-lng.pdf,,,97.8,,USD,"1: Macro – LNG 올라, 수혜는 Golar 이란 전쟁의 영향은 결코 단기적이지 않다. 호르무즈 해협 봉쇄는 LNG 공급망에 지 속적인 불확실성을 부여하며 가격에 상방 압력을 가하고 있다. 여기에 카타르 LNG 액화 설비의 피해와 증설 지연까지 겹치며 LNG 공급 차질이 현실화되고 있다. 반면 신규 LNG 프로젝트는 건설이 지연되고 있는 가운데, 글로벌 LNG 수요는 여전히 견 조한 흐름을 유지하고 있다. 결국 이러한 수급 환경은 동사 이익의 핵심 변수인 글 로벌 LNG 가격의 구조적 상승을 일으킬 것이다. 투자포인트 2: Micro – FLNG 주인공 Golar를 골라 동사는 LNG 공급망 다각화 국면에서 개발도상국의 액화 플랜트 건설 한계를 해결 할 유일한 해답인 FLNG 액화 서비스를 독점 공급하는 One & Only 플레이...","=IFERROR(GOOGLEFINANCE($H4,""price""),"""")","=IF(OR($M4="""",$Q4=""""),"""",$M4/$Q4-1)",ok,
1,4,2026-04-16T02:33:42,"Equity Research, Camtek",Camtek,CAMT,NASDAQ,NASDAQ:CAMT,http://snusmic.com/wp-content/uploads/2026/04/26-1_1주차_수정보고서_2팀_Camtek.pdf,2026-04-16_equity-research-camteck.pdf,176.51,,238.67,,USD,동사의 2027E EPS $5.89에 Target PER 40.5x를 적용한 $238.67을 목표 주가로 제 시한다. 2 년 전보다 더욱 가파르게 증가하는 빅테크의 AI Capex 투자금액과 26년부 터 시작될 HBM4 양산으로 급부상 하는 검사 장비의 중요성 그리고 AI 칩 생산을 위한 첨단 패키징 플레이어로 발돋움하는 OSAT의 밀려드는 발주까지. 三 호재의 순 풍을 타고 비상할 동사에게 지금 바로 주목해보자. Camtek Ltd. (NASDAQ: CAMT) Buy 현재주가: $ 176.51 목표주가: $ 238.67 상승여력: 35.2% Key Metrics 주요 주주 SMIC 2팀 12M 주가추이 Rating 2 Equity Research ReportㅣCamtek Ltd. (CAMT) 1 Nov 2014 Key Charts [재...,"=IFERROR(GOOGLEFINANCE($H5,""price""),"""")","=IF(OR($M5="""",$Q5=""""),"""",$M5/$Q5-1)",ok,
1,5,2026-04-16T02:32:13,"Equity Research, 비츠로셀",비츠로셀,082920,KRX,KRX:082920,http://snusmic.com/wp-content/uploads/2026/04/26-1_1주차_수정보고서_1팀_비츠로셀.pdf,2026-04-16_equity-research-비츠로셀-3.pdf,,,78450.0,,KRW,"– Peer PER Method 동사의 2028E EPS 3,00 6원에 Target 24MF PER 26.1x를 곱한 목표주가 78,450 원, 상승여력 73.4%, 투자의견 Buy를 제시한다. 미국향 열전지가 동사의 PER 리 레이팅을 이끄면서도 고온전지와 스마트그리드가 견조하게 성장한다. 열전지 수주 가 실패하거나 미미하다고 가정하여도 현재 주가 레벨은 설명 가능한 수준이다. <추정연결손익계산서> 추정 손익계산서 (연결) (단위 : 백만원) 2022 2023 2024 2025 2026E 2027E 2028E 매출액 140,981 176,220 210,779 243,083 307,861 389,550 458,460 YoY(%) 24.49% 25.00% 19.61% 15.33% 26.65% 26.53% 17.69% 매출원가 99,387...","=IFERROR(GOOGLEFINANCE($H6,""price""),"""")","=IF(OR($M6="""",$Q6=""""),"""",$M6/$Q6-1)",ok,Korean numeric ticker; exchange prefix inferred as KRX
1,6,2025-12-15T07:19:41,"Equity Research, S-oil",S-oil,010950,KRX,KRX:010950,http://snusmic.com/wp-content/uploads/2025/12/25_2_4주차_수정보고서_5팀_S_Oil.pdf,2025-12-15_equity-research-s-oil-4.pdf,80500.0,,128400.0,,KRW,"– Historical PBR Method Historical PBR Method를 통해 도출한 Target PBR Multiple 1.5x를 27E BPS 86,067원 에 곱해 목표주가 128,400원, 상승여력 59%, 투자의견 BUY를 제시한다. 또한 27E DPS 5,000원, 배당성향 30%도 제시한다. 수많은 변수들로 인해 예상하기 어려운 유 가와 정제마진을 현상황을 기준으로 가장 보수적으로 추정하여도, 샤힌 프로젝트로 인 한 폭발적인 이익 창출은 확정적이다. 즉, 샤힌 프로젝트만으로 최소 59%의 상승여력 이 나올 수 있다. 만약 정제마진이 상승한다면, 동사의 가치도 더욱 상승할 것이다. 추정 손익계산서 (단위: 십억 원) 2022 2023 2024 1Q25 2Q25 3Q25 4Q25E 2025E 2026E 2027E 20...","=IFERROR(GOOGLEFINANCE($H7,""price""),"""")","=IF(OR($M7="""",$Q7=""""),"""",$M7/$Q7-1)",ok,Korean numeric ticker; exchange prefix inferred as KRX
1,7,2025-12-15T07:18:30,"Equity Research, 알지노믹스",알지노믹스,476830,KRX,KRX:476830,http://snusmic.com/wp-content/uploads/2025/12/25_2_4주차_수정보고서_4팀_알지노믹스.pdf,2025-12-15_equity-research-알지노믹스.pdf,,,105000.0,174800.0,KRW,"해외 RNA 바이오텍들이 연달아 임상에서 좋은 성과를 내며 RNA 치료제의 효과성이 입증되고 있다. RNA가 가지는 압도적인 이점이 부각되자, 빅파마들의 관심은 자연스럽 게 RNA로 향한다. 그런데, 무려 릴리와 1.9조원의 RNA 플랫폼 L/O 계약을 체결한 동 사가 겨우 3,000억원에 상장한다. 동사가 보유한 2가지 플랫폼과 다양한 파이프라인 들을 살펴보며, 아직 상장하지도 않은 동사에 주목해야 하는 이유를 체감해보자. 2. 황금알을 낳는 거위, 플랫폼 – 투자포인트 ① 동사의 RNA 치환효소 플랫폼은 RNA 교정 기술과 다중 변이 타겟 기술, 두 기술을 기반으로 수많은 미충족 수요를 충족하고 있다. 동사의 기술력은 이미 세계 최대 빅파 마 Eli Lilly 가 검증했고, RNA 치료제라면 돈을 아끼지 않는 빅파마들은 동사의 플랫폼...","=IFERROR(GOOGLEFINANCE($H8,""price""),"""")","=IF(OR($M8="""",$Q8=""""),"""",$M8/$Q8-1)",ok,Korean numeric ticker; exchange prefix inferred as KRX
1,8,2025-12-15T07:17:12,"Equity Research, 예스티",예스티,122640,KRX,KRX:122640,http://snusmic.com/wp-content/uploads/2025/12/25_2_4주차_수정보고서_3팀_예스티.pdf,2025-12-15_equity-research-예스티-2.pdf,19000.0,,40500.0,,KRW,"1: 전방사 CAPA 빅사이클의 동반자, HPA 기존 고온 공정은 한계를 극복한 HPA는 계면 결함을 치유하는 필수 인프라로 자리 잡을 것이다. 26 년과 27년 글로벌 선두 반도체 업체들의 Capa 확대와 맞물려 폭발 적인 수요 증가가 예견된다. 동사는 전방 산업의 선단화 경쟁과 파운드리, 메모리 전 영역에 걸친 HPA 적용처 확대의 구조적 수혜를 온전히 흡수할 것이며, 26년부터 본격화될 수주 모멘텀을 바탕으로 확실한 실적 퀀텀 점프를 실현할 것이다. 투자포인트 2: HPA여 기다려라, YEST가 간다 전 세계에서 HPA 장비를 공급할 수 있는 기업은 동사와 HPSP뿐이다. 지금까지는 HPSP의 독무대였으나, 이제는 동사와의 경쟁이 시작될 것이다. 동사의 시장 진입을 막기 위한 HPSP의 소송은 동사에게 유리한 방향으로 흘러가고 있고...","=IFERROR(GOOGLEFINANCE($H9,""price""),"""")","=IF(OR($M9="""",$Q9=""""),"""",$M9/$Q9-1)",ok,Korean numeric ticker; exchange prefix inferred as KRX
1,9,2025-12-15T07:15:32,"Equity Research, 파마리서치",파마리서치,214450,KRX,KRX:214450,http://snusmic.com/wp-content/uploads/2025/12/25_2_4주차_수정보고서_2팀_파마리서치.pdf,2025-12-15_equity-research-파마리서치-2.pdf,401500.0,,805000.0,,KRW,"– Historical PER Method 동사의 2027E EPS 30,401원에 Target Multiple 26.48x를 적용한 805,000원을 목 표주가로 제시한다. 동사를 향한 시장의 우려가 쌓이며 잠시 인고의 시간을 보내고 있는 동사다. 하지만 이는 기우에 불과하며 오리지널 브랜드 리쥬란의 해자를 기반 으로 든든한 내수수요와 함께 세계로 나가 더 큰 성장을 목도할 동사의 미래를 보 자, 굳건한 펀더멘탈을 가진 동사는 다시 본래의 자리로 되돌아갈 것이다. 추정 포괄손익계산서 (단위: 백만 원) 2021 2022 2023 2024 ~3Q25 2025E 2026E 2027E 매출액 154,083 194,759 261,011 350,115 392,944 564,409 723,478 936,679 YoY(%) 41.69% 26.40%...","=IFERROR(GOOGLEFINANCE($H10,""price""),"""")","=IF(OR($M10="""",$Q10=""""),"""",$M10/$Q10-1)",ok,Korean numeric ticker; exchange prefix inferred as KRX
1,10,2025-12-15T07:13:43,"Equity Research, Lumentum Holdings Inc",Lumentum Holdings Inc,LITE,NASDAQ,NASDAQ:LITE,http://snusmic.com/wp-content/uploads/2025/12/25_2_4주차_수정보고서_1팀_Lumentum_Holdings_Inc.pdf,2025-12-15_equity-research-lumentum-holdings-inc.pdf,327.85,,498.63,,USD,"1. G(PU)리는 T(P)U자포인트 준비된 자에게 기회가 온다. 고성능 칩 개발에 진심이었던 동사의 기술력이 AIDC 내 네트워크 병목을 레버리지하여 실적을 폭발시키고 있다. SiPh 의 물적 한계는 동사의 EML 확대 기회이며, 동사는 빠르게 광학 부품 시장에서 고성능 칩 시장의 파이를 키워갈 것이다. 엔비디아의 차세대 네트워킹 하드웨어 또한, 동사의 레이저를 원한다. 투자포인트 2. TPU와 함께 춤을 수많은 칩을 하나처럼. TPU 의 미학은 칩 간 연결을 빛의 속도로 이어주는 동사의 OCS와 함께할 때 꽃을 피운다. TPU 생태계가 빠르게 확대되면, 고부가가치 제품인 동사의 OCS 판매도 확대된다. 구글이 그리는 거대한 AI 청사진 속 엄중한 포지션을 맡은 동사. OCS는 동사에게 얼마만큼의 시장을, 얼마만큼의 매출을 가져다줄 것...","=IFERROR(GOOGLEFINANCE($H11,""price""),"""")","=IF(OR($M11="""",$Q11=""""),"""",$M11/$Q11-1)",ok,
1,11,2025-12-01T02:57:45,"Equity Research, Iradimed Corporation",Iradimed Corporation,IRMD,NASDAQ,NASDAQ:IRMD,http://snusmic.com/wp-content/uploads/2025/12/25_2_3주차_수정보고서_5팀_Iradimed_Corporation.pdf,2025-12-01_equity-research-iradimed-corporation.pdf,,,146.0,,USD,"– Historical PER Method 27E Diluted EPS $ 3.76 에 Target PER 38.9x 를 적용한 Target Price $ 146, Upside 67%, Rating BUY, IRR 52.5% 를 제시한다. 신제품 출시로 인한 ASP 14% 상승, CAPA 2.5배로 선제적 증설을 마친 동사는 폭발적인 증익을 맞이할 준비가 끝났다. 25 년 연 간 실적발표에서 26년의 구체적인 가이던스를 제시하면 주가는 반드시 반응할 것이 다. 26E Diluted EPS 에 최근 3달 평균 Fwd PER 43.1x를 곱하면, 이것만으로도 17%의 Upside가 나온다. 그렇게 1년 뒤인 27년 초에는 목표주가에 도달할 것이고, 먼 미래인 10년 뒤에는 또다시 신제품 출시와 upselling으로 Ten-Bagger를 향할...","=IFERROR(GOOGLEFINANCE($H12,""price""),"""")","=IF(OR($M12="""",$Q12=""""),"""",$M12/$Q12-1)",ok,
1,12,2025-12-01T02:52:50,"Equity Research, Sensient Technologies Corp",Sensient Technologies Corp,SXT,NYSE,NYSE:SXT,http://snusmic.com/wp-content/uploads/2025/12/25_2_3주차_수정보고서_4팀_Sensient_Technologies_Corp.pdf,2025-12-01_equity-research-sensient-technologies-corp.pdf,,,238.0,,USD,"– Historical PER Method 27E EPS $ 8.91에 Target 12MF PER Multiple 26.75x를 적용한 목표주가 $ 238, 투자 의견 Must Buy를 제시한다. 동사는 전술했듯 천연색소 전환이라는 패러다임에서 압도 적인 탑라인 성장을 바탕으로 전례없는 이익을 창출해낼 것이다. 그런데 동사의 25~27년 2기간 세후 IRR은 무려 72%로 예상된다. 만약 26년말 ① 최소 35.5%의 수 익이 발생하는 투자처를 찾지 못한다면, ② 새로운 투자로부터 발생하는 리스크를 회 피하고 싶다면 동사 주식을 Holding함으로써 연평균 72%의 달콤한 수익을 누려보자. <Estimated Income Statement> Estimated Income Statement 14.2 (U.S. Dollars in thou...","=IFERROR(GOOGLEFINANCE($H13,""price""),"""")","=IF(OR($M13="""",$Q13=""""),"""",$M13/$Q13-1)",ok,
2,1,2025-12-01T02:51:23,"Equity Research, IMAX Corp",IMAX Corp,IMAX,NYSE,NYSE:IMAX,http://snusmic.com/wp-content/uploads/2025/12/25_2_3주차_수정보고서_3팀_IMAX_Corp.pdf,2025-12-01_equity-research-imax-corp.pdf,35.4,,54.59,,USD,"1: I M… Inevitable 글로벌 OTT 플랫폼의 등장에 따라 전통적인 극장 산업은 쇠퇴의 기로에 놓인 것으 로 평가되고 있다. 하지만 극장 관람 시장을 쇠퇴하는 단일 시장으로만 간주한다면 핵심 투자 기회를 놓치는 우를 범할 수 있다. 동사는 양극화된 영화 산업 시장에서 고품질 영화 경험 수요 파이를 온전히 차지하고 있다. 상영관, 배급사, 제작자로부터 모두 매출을 창출하는 동사는 영화 산업의 탑 플레이어로 자리잡는 중이다. 영화 밸 류체인의 모든 분야에서 수혜를 누릴 동사를 이제 주목해야 할 시간이다. 투자포인트 2: 3,000만큼 늘어나는 IMAX Contents 관객을 향한 동사의 플러팅 기술은 점점 다양해지고 있다. IMAX 필름으로 촬영된 압도적 스케일의 FFI 영화는 25년을 기점으로 크게 늘었으며, 일반 영화 역시 흥...","=IFERROR(GOOGLEFINANCE($H14,""price""),"""")","=IF(OR($M14="""",$Q14=""""),"""",$M14/$Q14-1)",ok,
2,2,2025-12-01T02:50:00,"Equity Research, JAC recruitment Co. Ltd",JAC recruitment Co. Ltd,2124,TYO,TYO:2124,http://snusmic.com/wp-content/uploads/2025/12/25_2_3주차_수정보고서_2팀_JAC_recruitment_Co._Ltd..pdf,2025-12-01_equity-research-jac-recruitment-co-ltd.pdf,,,1686.0,,JPY,"– Historical PER Method 동사의 2027E EPS 80.1에 Target Multiple 21.02x 를 적용한 1,686 ¥을 목표주가로 제시한다. 35세 이상 미들/하이클래스 이직과 연봉이 모두 상승하는 구간에 도입했 다. 이는 일시적 상승이 아닌 일본만의 특수한 인구역학 및 산업구조에 기인한 필연 적인 구조적 성장인 바, 전방 노동시장의 성장을 그대로 흡수할 준비가 된 지금, 동사를 봐야할 때다. 損益計算書(연결 손익계산서) (단위: 백만 엔) 2021 2022 2023 2024 3Q25 2025E 2026E 2027E 2028E 売上高(매출액) 24,852 30,435 34,475 39,156 35,389 46,160 56,039 66,972 80,184 YoY(%) 15.0% 22.5% 13.3% 13.6% 2...","=IFERROR(GOOGLEFINANCE($H15,""price""),"""")","=IF(OR($M15="""",$Q15=""""),"""",$M15/$Q15-1)",ok,
2,3,2025-12-01T02:45:05,"Equity Research, Establishment Labs Holdings",Establishment Labs Holdings,ESTA,NASDAQ,NASDAQ:ESTA,http://snusmic.com/wp-content/uploads/2025/12/25_2_3주차_수정보고서_1팀_Establishment_Labs_Holdings.pdf,2025-12-01_equity-research-establishment-labs-holdings.pdf,66.05,,118.76,,USD,"1. 가슴이 웅장해진다 FDA 승인과 함께 불거진 유방 확대시장에서의 화제성을 놓치지 않고 고도의 마케팅 전략을 구사한 동사. 과연 소비자와 의사 두 마리 토끼 설득에 성공했을지 알아보자. 24년 4분기부터 북미 시장에 처음으로 진출한 동사는 과연 어느 정도까지 점유율을 확보할 수 있을까? 북미 외 시장이 바텀을 책임지고 북미 시장으로 upside를 창출할 동사의 전략에 deep dive해보자. 투자포인트 2. 곧 클 유방 재건 확대 시장보다 조금은 딱딱한 재건 시장. 재건 시장에서 장비를 사는 수요자들은 성 능이 최우선이다. 기존 경쟁사들이 기술·재무 리스크로 주춤하는 사이 MRI-호환의 혁신적인 조직확장기 ‘Flora’를 필두로 압도적 성능의 보형물, 그리고 라이센싱으로 지방 이식용 포트폴리오까지. 동사는 보형물 FDA승인이 이루어질...","=IFERROR(GOOGLEFINANCE($H16,""price""),"""")","=IF(OR($M16="""",$Q16=""""),"""",$M16/$Q16-1)",ok,
2,4,2025-11-11T04:46:05,"Equity Research, 두산",두산,000150,KRX,KRX:000150,http://snusmic.com/wp-content/uploads/2025/11/25_2_2주차_수정보고서_5팀_두산.pdf,2025-11-11_equity-research-두산.pdf,949000.0,,1874000.0,,KRW,"– SOTP Method SOTP Method를 통해 도출한 27E 목표주가 1,874,000원, 상승여력 97%로 투자의견 BUY를 제시한다. 또한 보조 지표로 상장 자회사에 할인율 100%를 적용한 목표주가 1,668,000원도 함께 제시한다. AI라는 거대한 시대의 흐름 속에서 왜 CCL에 투자해야 하는지, CCL 중에서 왜 동사에 투자해야 하는지, 그리고 왜 더 이상 지주사를 두려워 할 필요가 없는지 살펴보자. 모든 신호가 동사가 Top-Pick임을 말하고 있다. 추정 손익계산서 - 연결 (단위: 십억 원) 2022 2023 2024 1H25 2H25E 2025E 2026E 2027E 매출액 16,996 19,130 18,133 9,645 10,980 20,625 24,033 29,965 YoY(%) 32.2% 12.6% -5.2...","=IFERROR(GOOGLEFINANCE($H17,""price""),"""")","=IF(OR($M17="""",$Q17=""""),"""",$M17/$Q17-1)",ok,Korean numeric ticker; exchange prefix inferred as KRX
2,5,2025-11-11T04:45:02,"Equity Research, 한국카본",한국카본,017960,KRX,KRX:017960,http://snusmic.com/wp-content/uploads/2025/11/25_2_2주차_수정보고서_4팀_한국카본.pdf,2025-11-11_equity-research-한국카본-3.pdf,36600.0,,64000.0,,KRW,"① 북미발 LNG 플랜트 투자가 사상 최대 규모로 확정되며, 역대 최대 수준의 LNGc 수요 가 현실화되고 있다. 전방이 폭발하며 보냉재 산업도 전례없는 확장의 문턱에 서 있 다. 선박 한 척당 보냉재 적용량이 확대되고 중국 시장까지 개화되며 Q는 더욱 증가 한다. 동시에 LNGc 발주량 증가로 보냉재 P의 레벨업까지 이어질 것이다. 2. 새로운 시장이 열린다 – 투자포인트 ② LNGc 중심으로 형성돼 온 보냉재 시장이 변화의 기로에 서 있다. LNGc 외 다양한 선 종에서 보냉재 적용이 확대되며, 동사는 단일 사이클 의존 구조에서 벗어나 새로운 성 장 동력을 확보하고 있다. 구조적으로 확장되는 수요와 불가피한 증설, 그리고 그 중 심에 선 동사, 새로운 시장이 열리는 순간이다. 3. 보냉재 받고 SB까지, Why not? – Sub P...","=IFERROR(GOOGLEFINANCE($H18,""price""),"""")","=IF(OR($M18="""",$Q18=""""),"""",$M18/$Q18-1)",ok,Korean numeric ticker; exchange prefix inferred as KRX
2,6,2025-11-11T04:42:34,"Equity Research, 코오롱티슈진",코오롱티슈진,950160,KRX,KRX:950160,http://snusmic.com/wp-content/uploads/2025/11/25_2_2주차_수정보고서_3팀_코오롱티슈진.pdf,2025-11-11_equity-research-코오롱티슈진.pdf,44800.0,,121000.0,28.0,KRW,"1: OA 치료제의 First in Class가 될 TG-C FDA의 신약 및 의약품 승인 조건은 효능, 안정성, CMC 세 가지이다. TG-C는 임상 시험을 통해 꾸준히 OA 치료제로서의 효능을 입증해왔다. 설계 과정에서부터 고려 한 안정성은 장기 추적 데이터가 공개되며, TG-C에 대한 오해를 불식시켰다. 경쟁사 들은 아직 OA 치료제의 기본적 효능도 입증하지 못하고 있다. 반면, 효능과 안정성 이 검증된 TG-C는 완비된 CMC 체계를 바탕으로 FDA 승인을 넘어 OA 치료제의 First in Class로 도약할 준비를 마쳤다. 투자포인트 2: 부르는 게 값인 TG-C의 가치 임상 3상이 따 놓은 당상이라면, DMOAD는 TG-C의 가치를 한층 끌어올릴 절호의 기회다. 무릎 OA의 접근법이 연골에서 관절 전체 구조로 변화함에 따라...","=IFERROR(GOOGLEFINANCE($H19,""price""),"""")","=IF(OR($M19="""",$Q19=""""),"""",$M19/$Q19-1)",ok,Korean numeric ticker; exchange prefix inferred as KRX
2,7,2025-11-11T04:41:17,"Equity Research, 지투지바이오",지투지바이오,456160,KRX,KRX:456160,http://snusmic.com/wp-content/uploads/2025/11/25_2_2주차_수정보고서_2팀_지투지바이오.pdf,2025-11-11_equity-research-지투지바이오.pdf,55696.0,,319800.0,1.0,KRW,"– DCF Method DCF Method 를 이용해 Base Case 1 기준 목표주가 319,800원, 상승여력 472%로 투자의견 Buy를 제시한다. Bull Case 및 Base Case 1에서는 노보 노디스크와 동사가 독점계약을 맺고 글로벌 비만 시장을 장기주사제형으로 함께 침투하는 상방을, Base Case 2 에서는 이외의 후발주자와 함께하더라도 폭발적인 비만 시장이 받쳐주는 하 방을 그리며, 향후 동사의 원대한 꿈을 보여준다. 포괄손익계산서 - Bull Case (단위: 백만 원) 2023 2024 1H25 2025E 2026E 2027E 2028E 2029E 2030E 2031E 2032E 2033E 2034E 2035E 2036E 매출액 740 769 161 1,081 194,475 62,437 64,291 69,223...","=IFERROR(GOOGLEFINANCE($H20,""price""),"""")","=IF(OR($M20="""",$Q20=""""),"""",$M20/$Q20-1)",ok,Korean numeric ticker; exchange prefix inferred as KRX
2,8,2025-11-11T04:39:51,"Equity Research, 풍산",풍산,103140,KRX,KRX:103140,http://snusmic.com/wp-content/uploads/2025/11/25-2_2주차-수정보고서_1팀-풍산.pdf,2025-11-11_equity-research-풍산-2.pdf,110000.0,,120700.0,,KRW,". SOTP - Historical PER Method 2026E 신동사업부문의 EPS 1,907 원에 Target Multiple 6.5x, 방산사업부문의 EPS 8,773에 Target Multiple 12.35x를 합산한 120,700원을 목표주가로 제시한다. 글로벌 시장 환경으로부터 동사에게 불어오는 훈풍은, 동사가 곧 숫자로 이를 보여주리라는 기대감을 불러일으킨다. 허나 공격적인 Valuation에도, 단기간 Upside는 제한적이다. 추정 연결손익계산서 (단위: 백만 원) 2021 2022 2023 2024 1H25 2025E 2026E 2027E 매출액 3,509,498 4,372,983 4,125,264 4,554,411 2,449,908 4,917,528 5,205,686 5,578,178 YoY(%) 35.31% 24....","=IFERROR(GOOGLEFINANCE($H21,""price""),"""")","=IF(OR($M21="""",$Q21=""""),"""",$M21/$Q21-1)",ok,Korean numeric ticker; exchange prefix inferred as KRX
2,9,2025-10-23T06:13:29,"Equity Research, 로보티즈",로보티즈,108490,KRX,KRX:108490,http://snusmic.com/wp-content/uploads/2025/10/25-2_1주차_수정보고서_5팀_로보티즈.pdf,2025-10-23_equity-research-로보티즈.pdf,192200.0,250900.0,355800.0,646500.0,KRW,"- DCF Method Base Case 기준, DCF Method 를 이용하여 목표주가 355,800원, 상승여력 85%로 투 자의견 BUY를 제시한다. 실적도 없이 올해에만 645% 상승한 동사에 대해 시장의 기 대와 의심이 공존하고 있다. 휴머노이드 시대가 도래하는 시점과 규모에 대해 정량적 으로 분석한 후 Bull/Base/Bear Case별로 동사의 적정 가치를 구해보았다. 투자포인트 가 실현된다면 10년 뒤의 Implied PER은 9.37x이다. 투자자들이여, 미래를 보라! 추정 손익계산서 - Base Case (단위: 백만 원) 2021 2022 2023 2024 2025E 2026E 2027E 2028E 2029E 2030E 2031E 2032E 2033E 2034E 매출액 22,358 25,856 29,128 30,03...","=IFERROR(GOOGLEFINANCE($H22,""price""),"""")","=IF(OR($M22="""",$Q22=""""),"""",$M22/$Q22-1)",ok,Korean numeric ticker; exchange prefix inferred as KRX
2,10,2025-10-23T06:11:06,"Equity Research, 마이크로컨텍솔",마이크로컨텍솔,098120,KRX,KRX:098120,http://snusmic.com/wp-content/uploads/2025/10/25-2_1주차-수정보고서_4팀_마이크로컨텍솔.pdf,2025-10-23_equity-research-마이크로컨텍솔.pdf,26300.0,,58200.0,,KRW,"1 메모리에 머물던 동사가 마침내 AI 시대의 문을 두드린다. AMD 퀄테스트 통과는 단순 한 고객사 확보가 아니라, 사업 구조 전환의 방아쇠다. 국내외 경쟁 구도를 고려할 때, AMD가 선택할 수 있는 답은 동사 하나 뿐이다. 퀄테스트 통과가 현실화되면, AI 관련 기대감과 실적 상승으로 동사의 주가는 전례 없는 상승을 기록할 것이 분명하다. AMD 의 존재감이 커질수록, 동사의 후광 또한 더욱 뚜렷하게 빛날 것이다. 3. 자라나는 아이 러버 소켓 – 투자포인트 2 메모리 슈퍼사이클이 도래했다. 그러나 동사 러버 소켓의 폭발적 성장은 사이클에만 의존하지 않는다. 마이크론에만 의존했던 동사 매출은 3Q25 SK 하이닉스향으로, 4Q26 삼성전자향으로 창출되며 눈부신 도약을 보여줄 것이다. 그런데 심지어 이번 메모리 슈퍼사이클은 수요는 폭...","=IFERROR(GOOGLEFINANCE($H23,""price""),"""")","=IF(OR($M23="""",$Q23=""""),"""",$M23/$Q23-1)",ok,Korean numeric ticker; exchange prefix inferred as KRX
2,11,2025-10-23T06:08:49,"Equity Research, Coreweave",Coreweave,CRWV,NASDAQ,NASDAQ:CRWV,http://snusmic.com/wp-content/uploads/2025/10/25-2_1주차_수정보고서_3팀_CoreWeave_Inc.pdf,2025-10-23_equity-research-coreweave.pdf,140.0,,241.0,,USD,"동사의 2026E EBITDA $7,799 mn에 Target EV/EBITDA 21.3x를 적용한 $241을 목 표 주가로 제시한다. 사상 초유의 AI DC 사이클에 온몸을 맡긴 동사는 동시대의 파 도를 타고 순항 중인 25년 ORCL을 Peer로 선정했다. 폭발하는 전방 수요와 안정적 인 GPU 수급을 증명한 동사는 매출 growth와 본격적인 이익 턴어라운드 기대감과 함께 네오클라우드의 대장 자리를 굳건히 지킬 것이다. Estimated Income Statement 14.2 (U.S. Dollars in Millions) 2022 2023 2024 1Q25 2Q25 3Q25E 4Q25E 2025E 2026E 2027E 2028E Revenue 16 229 1,915 982 1,213 1,372 1,669 5,236 12,394 1...","=IFERROR(GOOGLEFINANCE($H24,""price""),"""")","=IF(OR($M24="""",$Q24=""""),"""",$M24/$Q24-1)",ok,
2,12,2025-10-23T06:06:02,"Equity Research, Corning",Corning,GLW,NYSE,NYSE:GLW,http://snusmic.com/wp-content/uploads/2025/10/25-2_1주차-수정보고서_2팀_Corning.pdf,2025-10-23_equity-research-corning-3.pdf,86.24,,144.0,,USD,"– Historical Peer PER Method 동사의 2027E EPS 4.2$에 Target PER 34.6x를 적용한 목표주가 144$, Upside 66.8%, 투자의견 Buy를 제시한다. AI와 함께 걷잡을 수 없이 커지는 정보량은 네트 워크 초연결화로 이어졌다. 통신인프라 구축을 주도하는 미국의 팔은 안으로 굽어 그대로 동사의 광케이블로 향한다. 미국 내 인프라에서도 모자라 전세계를 향해 빛 의 속도로 뻗어나가는 동사의 광케이블은 도저히 멈출 줄을 모른다. Estimated Income Statement (USD in millions) 2021 2022 2023 2024 1H25 2025E 2026E 2027E 2028E Revenue 14,082 14,189 12,588 13,118 7,314 16,254 19,515 2...","=IFERROR(GOOGLEFINANCE($H25,""price""),"""")","=IF(OR($M25="""",$Q25=""""),"""",$M25/$Q25-1)",ok,
3,1,2025-10-23T05:56:54,"Equity Research, 하이브",하이브,352820,KRX,KRX:352820,http://snusmic.com/wp-content/uploads/2025/10/25-2_1주차-수정보고서_1팀_하이브.pdf,2025-10-23_equity-research-하이브-3.pdf,269500.0,,393000.0,,KRW,"1. 떠난 적 없는 왕의 귀환 기나긴 軍백기를 끝내고 BTS가 돌아왔다. 무슨 말이 더 필요할까? ‘전원 재계약, 군 대’라는 내러티브에, 전 세계 아미들이 결집하기 시작했다. 이제 시선의 높이를 한 번 더 높일 때다. “BTS 월드 투어”는 도대체 얼마를 벌어다 줄 것인가? 투자포인트 2. 날아오를 슈퍼베이비들, 막강한 신인 라인업 ‘BTS 원툴’에서 벗어나기 위해 노력해온 동사, 신규 IP들이 동시다발적으로 성과를 내고 있다. 빠르게 BEP를 돌파한 신인들은 3-5년차부터 압도적인 현금창출력을 자 랑할 것이다. A급 슈퍼 베이비들을 찍어내는 동사의 '성공 방정식'은 무엇일까? 투자포인트 3. 상상 그 이상의 메가 IP, 캣츠아이 압도적인 글로벌 경험을 토대로 글로벌 현지화 전략을 시도했다. 동사의 필승 성공방 정식에 성장가도를 달리며...","=IFERROR(GOOGLEFINANCE($H26,""price""),"""")","=IF(OR($M26="""",$Q26=""""),"""",$M26/$Q26-1)",ok,Korean numeric ticker; exchange prefix inferred as KRX
3,2,2025-06-10T13:53:44,"Equity Research, 애니플러스",애니플러스,310200,KRX,KRX:310200,http://snusmic.com/wp-content/uploads/2025/06/25_1_4주차_수정보고서_5팀_애니플러스.pdf,2025-06-10_equity-research-애니플러스-2.pdf,3550.0,,7680.0,,KRW,"– Historical Peer PER Method 26E EPS 617원에 Target PER Multiple 12.5x를 적용한 목표주가 7,680원, 투자의견 BUY를 제시한다. 지속 저평가를 받았던 동사는 현재 ① 무한성 개봉을 중심으로 한 실적 성장, ② 주주환원의 시작이라는 2가지 촉매를 앞두고 있다. 이에 따라, 예상 EPS와 PER이 모두 상향 조정되며, 동사의 주가는 상승세를 이어갈 것임을 주장한다. <추정 손익계산서> 추정 손익계산서 (연결) (단위: 백만 원) 2021 2022 2023 2024 1Q25 2025E 2026E 2027E 매출액 49,037 57,816 111,347 130,976 29,369 181,902 213,132 241,104 YoY(%) 208.7% 17.9% 92.6% 17.6% 14.2%...","=IFERROR(GOOGLEFINANCE($H27,""price""),"""")","=IF(OR($M27="""",$Q27=""""),"""",$M27/$Q27-1)",ok,Korean numeric ticker; exchange prefix inferred as KRX
3,3,2025-06-10T13:53:00,"Equity Research, 월덱스",월덱스,101160,KRX,KRX:101160,http://snusmic.com/wp-content/uploads/2025/06/25_1_4주차_수정보고서_4팀_월덱스.pdf,2025-06-10_equity-research-월덱스.pdf,19010.0,,26250.0,,KRW,"Point 1. 구조적 성장은 불황에 흔들리지 않아! 10 Point 2. 안정성 받고, 성장동력도 얹어 16 4. 매출추정 21 5. Valuation – Historical PER Method 24 6. Appendix 28 3 Equity Research Reportㅣ월덱스 (101160) 1 Nov 2014 바다 속 진주를 찾는 가치투자자들을 위한 가이드 좋은 종목을 싸게 사기 위해서는 남들이 집중하지 않을 때 뛰어들 수 있는 역발상 투자가 필요 하다. 이에 본서는 반도체 업황에 대한 비관론이 만연한 지금이 오히려 반도체에 집중해야 하는 순간임을 주장하며, 특히 불황에 강한 애프터 마켓의 하방은 더욱 제한적임을 보이고자 한다. 좋 은 진주를 캐기 위해서는 바다에 뛰어들어야 하는 법. 매력적인 반도체 바다에 당신을 초대한다. 1.1...","=IFERROR(GOOGLEFINANCE($H28,""price""),"""")","=IF(OR($M28="""",$Q28=""""),"""",$M28/$Q28-1)",ok,Korean numeric ticker; exchange prefix inferred as KRX
3,4,2025-06-10T13:51:53,"Equity Research, 폰드그룹",폰드그룹,472850,KRX,KRX:472850,http://snusmic.com/wp-content/uploads/2025/06/25_1_4주차_수정보고서_3팀_폰드그룹.pdf,2025-06-10_equity-research-폰드그룹.pdf,8480.0,,16057.0,,KRW,"1: Pond’s New Engine, MOST 온라인을 중심으로 확장된 K-beauty의 세계적인 인기에도 불구하고, 해외 소비자가 한국 브랜드를 집 앞 마트에서 발견하기는 아직까지 어렵다. 모두에게 열려있는 아 마존과 달리 오프라인 유통은 넘어야할 관문이 많기 때문이다. 동사가 작년 인수한 모스트는 19년부터 코스트코에 입점시켜 온 인디 브랜드의 최고 조력자다. 레퍼런스 와 현지화를 바탕으로 동사 이익 성장을 책임질 ‘모스트’를 소개한다. 투자포인트 2: 가치주의 교과서 남성 언더웨어 시장 점유율 80%, 여기에 슈퍼드라이와 SPYDER까지 품은 동사는 패션 업계의 조용한 강자다. 원가 경쟁력으로 안정된 실적을 챙기고, 리브랜딩과 IP 확보로 성장의 기반을 쌓고 있다. 창업자부터 경영진까지 감이 살아 있고, 지배구조 상 배당과 자사주...","=IFERROR(GOOGLEFINANCE($H29,""price""),"""")","=IF(OR($M29="""",$Q29=""""),"""",$M29/$Q29-1)",ok,Korean numeric ticker; exchange prefix inferred as KRX
3,5,2025-06-10T13:50:25,"Equity Research, 고려신용정보",고려신용정보,049720,KRX,KRX:049720,http://snusmic.com/wp-content/uploads/2025/06/25-1_4주차_수정보고서_2팀_고려신용정보.pdf,2025-06-10_equity-research-고려신용정보-2.pdf,10400.0,,18600.0,,KRW,"– Historical PER Method 동사의 2027E EPS 1,515원에 Target PER 12.3x를 적용한 목표주가 18,600원, 상승 여력 78.85%, 투자의견 Buy를 제시한다. 튼튼한 본업은 지속적으로 성장 중이며, 동사 혼자 활약할 환경은 다가온다. 그때까지, 압도적인 배당이 책임진다. 고려신용정보 포괄손익계산서 추정 (단위: 백만 원) 2020 2021 2022 2023 2024 1Q25 2025E 2026E 2027E 영업수익 133,209 145,222 146,767 158,214 171,309 42,647 175,113 180,522 226,185 YoY(%) 14.39% 9.02% 1.06% 7.80% 8.28% 2.75% 2.22% 3.09% 25.29% 채권추심 118,852 130,783 132,0...","=IFERROR(GOOGLEFINANCE($H30,""price""),"""")","=IF(OR($M30="""",$Q30=""""),"""",$M30/$Q30-1)",ok,Korean numeric ticker; exchange prefix inferred as KRX
3,6,2025-06-10T13:48:24,"Equity Research, 아이스크림미디어",아이스크림미디어,461300,KRX,KRX:461300,http://snusmic.com/wp-content/uploads/2025/06/25_1_4주차_수정보고서_1팀_아이스크림미디어.pdf,2025-06-10_equity-research-아이스크림미디.pdf,15780.0,,25700.0,,KRW,"1. 안정적인 스텝업을 눈앞에 둔 동사 동사는 절대적인 플랫폼 경쟁력을 바탕으로, 검정 교과서 시장에 진출함과 동시에 점 유율 1위라는 영예를 거머쥐었다. 다양한 1위 플랫폼 간의 시너지는 교과서 선택의 주체인 교사들을 강력하게 락인시키며, 이러한 선순환의 구조는 점점 견고해져 간다. 와중에 동사 앞에는 22개정 교육과정의 도입이라는, 교과서 시장에서 P와 Q를 동시 에 확대할 거대한 기회가 주어졌고, 동시에 정부에서는 AI 디지털 교과서 도입이라는 또 다른 드라이브를 걸고 있다. 이러한 기회를 통해 매출의 외형을 확장하고, 향후 몇 년간 안정적인 현금흐름을 창출하게 될 동사의 미래를 짚어보자. 추정 손익계산서 (단위: 백만 원) 2022 2023 2024 1Q25 2025E 2026E 2027E 매출액 104,146 123,055 15...","=IFERROR(GOOGLEFINANCE($H31,""price""),"""")","=IF(OR($M31="""",$Q31=""""),"""",$M31/$Q31-1)",ok,Korean numeric ticker; exchange prefix inferred as KRX
3,7,2025-05-25T07:47:26,"Equity Research, Life360 Inc",Life360 Inc,LIF,NASDAQ,NASDAQ:LIF,http://snusmic.com/wp-content/uploads/2025/05/25-1_3주차-수정보고서_5팀-life360-Inc.pdf,2025-05-25_equity-research-life360-inc.pdf,,,103.4,,USD,"– Peer PER Method 26E EPS $ 1. 28에 Target PER Multiple 80.8x를 적용한 목표주가 $ 103.4, 투자의견 BUY를 제시한다. AI가 보편화되면서 수많은 기업들이 자신들의 사업 모델에 AI를 적 용하고 있다. 결국 AI 도입 효과를 극한으로 끌어올리기 위해서 필요한 것은 돌고돌아 데이터다. 그 중에서도 동사는 글로벌하게 압도적인 양질의 위치 데이터를 보유하고 있다. 과거 플랫폼 기업들이 구독 매출에서 광고 매출로 수익원을 다변화했듯, 동사도 이제 그 여정의 준비를 거의 마친 상태다. AI 기업으로 변모할 동사에게 주목하자. <Estimated Income Statement> Estimated Income Statement (U.S. Dollars in Thousands) 2021 2022 20...","=IFERROR(GOOGLEFINANCE($H32,""price""),"""")","=IF(OR($M32="""",$Q32=""""),"""",$M32/$Q32-1)",ok,
3,8,2025-05-25T07:47:14,"Equity Research, Doximity",Doximity,DOCS,NYSE,NYSE:DOCS,http://snusmic.com/wp-content/uploads/2025/05/25-1_3주차-수정보고서_4팀_Doximity.pdf,2025-05-25_equity-research-doximity.pdf,46.25,,1.0,,USD,"– EV/EBITDA Method EV/EBITDA Method를 이용하여 Case 1 목표주가 75.40 USD, 상승여력 63%, Case 2 목표주가 131.16 USD 상승여력 183.6%를 제시한다. Case 1 은 AI를 활용하여 구조적 성장을 이어나가는 경우, Case 2는 AI 서비스의 유료화를 주장하며 높은 시장 관심에 도 잠재된 ‘숨겨진’ ‘진찌’ AI 수혜주로 거듭남을 주장한다. <추정손익계산서> 추정 손익계산서 - Case 2 (U.S. dollars in thousands) FY2022 FY2023 FY2024 FY2025 FY2026E FY2027E Revenue 343,548 419,052 475,422 570,399 686,897 1,025,340 YoY(%) 66.0% 22.0% 13.5% 20.0% 20....","=IFERROR(GOOGLEFINANCE($H33,""price""),"""")","=IF(OR($M33="""",$Q33=""""),"""",$M33/$Q33-1)",ok,
3,9,2025-05-25T07:46:55,"Equity Research, Sportradar",Sportradar,SRAD,NASDAQ,NASDAQ:SRAD,http://snusmic.com/wp-content/uploads/2025/05/25-1_3주차-수정보고서_3팀-Sportradar.pdf,2025-05-25_equity-research-sportradar.pdf,23.72,,37.92,,USD,"1: In Play, Play Ball 숨어 있던 스포츠 베팅 시장은 Hidden Layer 위로 드러나고 있다. 스포츠 베팅 시 장 합법화는 스포츠 베팅 시장 전체를 키울 것임은 자명하고, CV를 활용한 인플레이 베팅의 활성화는 시장의 폭발적인 성장을 도울 것이다. 정밀한 배당률을 산출할 수 있게 된 북메이커들은 마진 개선을 시작했고, 그 중심에는 AI Driver인 CV가 있다. 투자포인트 2: Better Bettor 모든 북메이커로부터 자릿세를 받아가는 스포츠 데이터 업체는 베팅 밸류체인의 봉이 김 선달 같은 존재다. 그중에서도 동사는 매출 규모와 파트너십 면에서 확실한 1위 기업이 다. 그러나, 동사는 아직도 배가 고프다. 압도적인 ‘AI’를 추진력 삼아 데이터 해자를 강화 하고, 솔루션 활용도를 높이고, 새로운 베팅 시장을 개...","=IFERROR(GOOGLEFINANCE($H34,""price""),"""")","=IF(OR($M34="""",$Q34=""""),"""",$M34/$Q34-1)",ok,
3,10,2025-05-25T07:46:16,"Equity Research, Tempus AI Inc",Tempus AI Inc,TEM,NASDAQ,NASDAQ:TEM,http://snusmic.com/wp-content/uploads/2025/05/25-1_3주차-수정보고서_2팀_Tempus-AI.pdf,2025-05-25_equity-research-tempus-ai-inc.pdf,62.6,,228.5,,USD,"– DCF Method DCF Method를 이용해, 목표주가 $228.5, 상승여력 265.1%, 투자의견 Buy를제시한 다. 동사는 병원·제약사와의 파트너십을 통해 쌓인 데이터는 경쟁사가 모방할 수 없 는 해자를 형성한다. 시장이 이 플랫폼의 확장성과 수익성을 인식하는 순간, $228.5 라는 목표주가는 출발점에 불과할 것이다. Estimated Income Statement (U.S. Dollars in millions) 2022 2023 2024 1Q25 2025E 2026E 2027E 2028E 2029E 2030E 2031E 2032E 2033E 2034E 2035E Revenue 321 532 693 256 1,295 1,760 2,392 3,307 4,618 5,832 6,902 7,705 8,617 9,653 10,832...","=IFERROR(GOOGLEFINANCE($H35,""price""),"""")","=IF(OR($M35="""",$Q35=""""),"""",$M35/$Q35-1)",ok,
3,11,2025-05-25T07:45:18,"Equity Research, Cellebrite DI",Cellebrite DI,CLBT,NASDAQ,NASDAQ:CLBT,http://snusmic.com/wp-content/uploads/2025/05/25-1_3주차-수정보고서_1팀-Cellebrite-DI.pdf,2025-05-25_equity-research-cellebrite-di.pdf,17.27,,29.7,,USD,"– Historical PER Method 27 Appendix 31 3 Equity Research ReportㅣCellebrite DI Ltd. (CLBT) 1 Nov 2014 1. 나, 떨고 있냐? 디지털 수사 솔루션 – 산업 분석 1.1. 디지털 수사의 세계속으로 디지털 수사는 현대 범죄 수사의 핵심으로 자리잡았다. 과거 범죄 수사의 경우 사람 중심의 수 사로, 목격자의 진술과 증인의 말이 주요 증거로 채택되었다. 하지만 현대 수사는 디지털 기기의 확산에 따라 디지털 매체(스마트폰, PC, CCTV 등)에서 추출한 영상·텍스트·위치 정보 등이 핵심 증거로 활용되고 있다. 현재 미국 내 범죄 사건의 90% 이상에서 디지털 증거가 채택되고 있다. 디지털 수사는 사건접수–증거추출–분석–관리–사건종결로 이어지는 C2C(Case to Cl...","=IFERROR(GOOGLEFINANCE($H36,""price""),"""")","=IF(OR($M36="""",$Q36=""""),"""",$M36/$Q36-1)",ok,
3,12,2025-05-11T10:43:06,"Equity Research, 한화솔루션",한화솔루션,009830,KRX,KRX:009830,http://snusmic.com/wp-content/uploads/2025/05/25_1_2주차_수정보고서_5팀_한화솔루션.pdf,2025-05-11_equity-research-한화솔루션-2.pdf,30300.0,29100.0,53000.0,91200.0,KRW,"① 미국에 P 상승 턴어라운드의 해가 뜬다. 중국·동남아산 셀과 모듈에 작별 인사를 한 미국에 셀 쇼티지와 모듈 가격 상승이 온다. 52.8% 까지 예상되는 쇼티지 P 프리미엄, 동사는 미국 내 수직계열화를 통해 주인공이 될 준비를 마쳤다. 태양광과 쇼티지, 누 구도 예상하지 못했던 두 단어의 조합 속 밝게 빛나는 태양을 바라볼 시간이다. 3. 마침내 빛나는 주택용 태양광 – 투자포인트 ② 프랑스어로 ‘마침내’를 뜻하는 Enfin, 그 이름 그대로 마침내 동사가 쌓아온 노력들이 미국에서 결실을 맺는다. 웨이퍼에서부터 모듈까지 미국 내에서 생산 가능한 동사는 이제 직접 세액공제까지 받으며 EPC와 금융을 섭렵하고 있다. 전기요금이 오르며 태 양광 신규설치 수요가 증가하는 상황에서 동사는 또 한 번의 성공을 해낼 것이다. 4. Valuati...","=IFERROR(GOOGLEFINANCE($H37,""price""),"""")","=IF(OR($M37="""",$Q37=""""),"""",$M37/$Q37-1)",ok,Korean numeric ticker; exchange prefix inferred as KRX
4,1,2025-05-11T10:41:44,"Equity Research, 토모큐브",토모큐브,475960,KRX,KRX:475960,http://snusmic.com/wp-content/uploads/2025/05/25_1_2주차_수정보고서_4팀_토모큐브.pdf,2025-05-11_equity-research-토모큐브.pdf,19420.0,,64550.0,280470.0,KRW,"– DCF Method DCF Method를 이용해, Base Case2를 목표로 목표주가 64,550원, 상승여력 232.4% 를 제시한다. Base Case1에서는 오가노이드 기술을 선도하는 빅파마들의 mAb향 전임 상만을 반영하여 동사의 바텀을, Base Case2에서는 오가노이드가 기대만큼 발달하지 못하더라도 동사의 탑라인은 압도적 성장을 보임을 논한다. 마지막으로 Bull Case 는 오가노이드 시장의 개화와 동사의 비 바이오 분야로의 침투를 논하며 동사가 그릴 수 있는 꿈의 크기를 가늠해본다. <추정손익계산서> 추정 손익계산서 -Base Case 2 (단위: 백만 원) 2022 2023 2024 2025E 2026E 2027E 2028E 2029E 2030E 2031E 2032E 매출액 1,871 3,747 5,939 9,85...","=IFERROR(GOOGLEFINANCE($H38,""price""),"""")","=IF(OR($M38="""",$Q38=""""),"""",$M38/$Q38-1)",ok,Korean numeric ticker; exchange prefix inferred as KRX
4,2,2025-05-11T10:40:42,"Equity Research, HD현대미포",HD현대미포,010620,KRX,KRX:010620,http://snusmic.com/wp-content/uploads/2025/05/25_1_2주차_수정보고서_3팀_HD현대미포.pdf,2025-05-11_equity-research-hd현대미포.pdf,171700.0,,250000.0,,KRW,"0: 순풍에 돛을 단 듯 동사는 이번 조선업 슈퍼사이클에서 중형 선박 특화 역량을 바탕으로 빠른 실적 개 선을 이뤄냈다. 짧은 리드타임과 반복 생산 구조, 숙련 인력 확보를 통해 신조선가 상승의 수혜를 받고 있으며, 컨테이너선에서 MR P/C 선, 그리고 향후에는 LNG와 LPG 운반선 등 고부가 선종으로 수주 믹스를 확대할 준비를 모두 마쳤다. 투자포인트 1: MGC의 시대가 온다 동사는 국내 유일의 MGC(Midsize Gas Carrier) 건조사다. 동사의 고가 수주와 수익 성 개선을 이끌고 있는 MGC를 위한 판이 새로 깔리고 있다. 미국의 LPG 수출량은 견조한 LPG 운반선 수요를 가져오고, LPG 시장의 구조적 변화는 MGC를 콕 집어 지목한다. 미국의 대중 견제로 중국 조선사를 배제하고 나면 동사에게 경쟁자는 없 다. 글...","=IFERROR(GOOGLEFINANCE($H39,""price""),"""")","=IF(OR($M39="""",$Q39=""""),"""",$M39/$Q39-1)",ok,Korean numeric ticker; exchange prefix inferred as KRX
4,3,2025-05-11T10:26:05,"Equity Research, 펄어비스",펄어비스,263750,KRX,KRX:263750,http://snusmic.com/wp-content/uploads/2025/05/25_1_2주차_수정보고서_2팀_펄어비스.pdf,2025-05-11_equity-research-펄어비스-2.pdf,35400.0,,12300.0,,KRW,"– Historical Peer PER Method 동사의 2026E EPS 974원에 Target PER 12.65x를 적용한 목표주가 12,300원, 괴리 율 -65.25%, 투자의견 Sell을 제시한다. 붉은 사막의 신기루로 쌓아 올려진 동사의 주가가 상승하기 위해서 넘어야 할 산이 너무 많다. Base Case - 펄어비스 포괄손익계산서 추정 (단위: 십억 원) 2020 2021 2022 2023 2024 2025E 2026E 2027E 매출액 489 404 386 333 342 311 439 325 YoY(%) -8.80% -17.39% -4.48% -13.53% 2.67% -9.27% 41.22% -26.00% 영업비용 331 361 369 350 355 356 396 323 영업이익 157 43 16 (16) (12) (46...","=IFERROR(GOOGLEFINANCE($H40,""price""),"""")","=IF(OR($M40="""",$Q40=""""),"""",$M40/$Q40-1)",ok,Korean numeric ticker; exchange prefix inferred as KRX
4,4,2025-05-11T10:17:23,"Equity Research, 에스앤에스텍",에스앤에스텍,101490,KRX,KRX:101490,http://snusmic.com/wp-content/uploads/2025/05/25_1_2주차_수정보고서_1팀-에스앤에스텍.pdf,2025-05-11_equity-research-에스앤에스텍.pdf,34650.0,,54700.0,70600.0,KRW,"1. 호형호제 중국 동사의 반도체와 디스플레이용 블랭크마스크를 반갑게 맞이하는 중국이다. 미국의 규 제와 중국 반도체 산업의 성장이 맞물리는 지금, 동사로의 수혜가 집중된다. 전방 수 요는 강하고, 경쟁사는 제한적이며, 동사는 그 중심에 우뚝 서 있다. ‘ 선단화’라는 뚜 렷한 방향성을 갖고 성장하는 중국의 반도체 산업은 동사의 구조적 성장을 가능하게 하며, 동사는 중국의 반도체 산업 속에서 P와 Q가 모두 성장하는 가파른 성장 모멘 텀 국면을 맞이하고 있다. 호형호제 중국은 동사에게 좋은 것만 주고싶다. 중국발 바 람과 함께 더욱 높게 날아오를 동사를 투자포인트 1을 통해 확인해보자. 투자포인트 2. 동사를 밝혀줄 꿈의 신사업, EUV 반도체 공정이 선단화됨에 따라 EUV 공정은 필수적으로 늘어난다. EUV 공정의 핵심 소재인 EUV...","=IFERROR(GOOGLEFINANCE($H41,""price""),"""")","=IF(OR($M41="""",$Q41=""""),"""",$M41/$Q41-1)",ok,Korean numeric ticker; exchange prefix inferred as KRX
4,5,2025-04-19T15:47:08,"Equity Research, 한화에어로스페이스",한화에어로스페이스,012450,KRX,KRX:012450,http://snusmic.com/wp-content/uploads/2025/04/25_1_1주차_수정보고서_5팀_한화에어로스페이스.pdf,2025-04-19_equity-research-한화에어로스페이스.pdf,779000.0,,1205000.0,1851000.0,KRW,"– SOTP Method(with EV/EBITDA) SOTP Method 를 통해 도출한 동사의 목표 주가는 1,205,000원으로 투자의견 Buy를 제시한다. 우아한 위선의 시대는 가고 정직한 야만의 시대가 왔다. 각자도생 속, 동사 의 무기는 계속해서 팔려나갈 것이고 동사의 지상방산 가치는 재평가받을 것이다. 2 Equity Research Reportㅣ한화에어로스페이스 (012450) 1 Nov 2014 CONTENTS 1. 동사의 천장은 어디일까? – Main Idea 03 2. 인간의 전쟁은 끝이 없고 군비 확장을 반복한다 - 산업분석 05 3. 준비하시고 쏘세요! - 기업분석 07 4. 수(水)주 들어올 때 노 젓기 – Main point 10 5. 신속한 해외 투자, 근데 이제 유상증자를 곁들인 – ISSUE & RISK...","=IFERROR(GOOGLEFINANCE($H42,""price""),"""")","=IF(OR($M42="""",$Q42=""""),"""",$M42/$Q42-1)",ok,Korean numeric ticker; exchange prefix inferred as KRX
4,6,2025-04-19T15:46:09,"Equity Research, 지엔씨에너지",지엔씨에너지,119850,KRX,KRX:119850,http://snusmic.com/wp-content/uploads/2025/04/25_1_1주차_수정보고서_4팀_지엔씨에너지.pdf,2025-04-19_equity-research-지엔씨에너지.pdf,16950.0,,39610.0,,KRW,"1. 미지의 숲, 한국 데이터센터 길잡이 불과 몇 년 전까지의 한국 데이터센터 시장은 말 그대로 ‘놀던 친구들만 놀던’ 시장 이었다. 클라우드 전환 및 AI 서비스 개발/소비가 촉발한 강력한 수요로 인해 데이터 센터 시장에 참여하는 주체도 다변화되며 수요와 공급의 키를 맞추고자 하고 있다. 커다란 방향성은 명확한 상황 속, 철저한 조사와 엄밀한 논증으로 베일에 싸여 있던 국내 데이터센터 시장이 ‘얼마나’ 성장할 수 있는지를 논증한다. 투자포인트 2. 가스터빈으로 나 혼자만 레벨업 동사는 성장 산업 속 독과점 지위를 누리는 기업이며, 동사의 독점 지위를 강화할 수 있는 제품 또한 준비되어 있다. 데이터센터의 대형화 트렌드 속, 가스터빈 발전기의 우수한 성능 및 비용 효율성은 게임 체인저 역할을 할 것이다. 그리고, 동사는 국내 No.1 가...","=IFERROR(GOOGLEFINANCE($H43,""price""),"""")","=IF(OR($M43="""",$Q43=""""),"""",$M43/$Q43-1)",ok,Korean numeric ticker; exchange prefix inferred as KRX
4,7,2025-04-19T15:45:02,"Equity Research, 노머스",노머스,473980,KRX,KRX:473980,http://snusmic.com/wp-content/uploads/2025/04/25_1_1주차_수정보고서_3팀_노머스.pdf,2025-04-19_equity-research-노머스.pdf,24350.0,,37950.0,,KRW,"1: 슈퍼주니어, 이제는 슈퍼시니어 BTS와 블랙핑크가 열어젖힌 글로벌 K-pop 시장의 낙수효과는 산업 전반으로 확산 되고 있다. 미디어 환경의 진화와 함께, 중소돌, 개인 아티스트, 2,3세대 빈티지 IP까 지 해외 진출의 기회를 얻고 있다. 그러나 이들에게 북미 공연은 여전히 높은 벽이 다. 메인 IP 중심으로 재편된 대형 기획사 구조에서 소외된 아티스트들은 점차 중소 엔터사로 이적하고 있으며, 쌓여가는 K-pop IP는 새로운 수익 구조를 필요로 한다. 이 흐름 속에서 형성된 니치 마켓의 크기와 기회를 숫자로 직접 확인해보자. 투자포인트 2: 노머스를 향해, 슈퍼 이끌림~♬ 동사는 공연, 팬플랫폼, MD 등 다수의 사업부를 통한 Tapping Point를 보유하고 있 으며, 각각에서 강력한 경쟁력을 갖추고 있다. 공연은 수요 예측...","=IFERROR(GOOGLEFINANCE($H44,""price""),"""")","=IF(OR($M44="""",$Q44=""""),"""",$M44/$Q44-1)",ok,Korean numeric ticker; exchange prefix inferred as KRX
4,8,2025-04-19T15:43:00,"Equity Research, 한화비전",한화비전,489790,KRX,KRX:489790,http://snusmic.com/wp-content/uploads/2025/04/25_1_1주차_수정보고서_2팀_한화비전.pdf,2025-04-19_equity-research-한화비전.pdf,54400.0,,111600.0,,KRW,"– SOTP Method(with PER Method) SOTP Method 를 통해 도출한 111,600원을 2026년 말 목표 주가, 상승여력 105%, 투자의견 Buy Now를 제시한다. 독보적 해자를 가진 AI CCTV의 안정적 성장을 기반 으로 HBM의 필수 장비 TC본더를 개발한 동사의 모멘텀은 실현될 전망이다. 한화비전 손익계산서(*1) (단위: 십억 원) 2020 2021 2022 2023 2024 2025E 2026E 2027E 매출액 719 1,170 1,322 1,113 1,415 1,831 1,934 2,290 YoY(%) -8.29% 62.79% 12.95% -15.78% 27.08% 29.43% 5.64% 18.41% 매출원가 449 699 837 689 800 1,010 1,051 1,176 매출총이익 270...","=IFERROR(GOOGLEFINANCE($H45,""price""),"""")","=IF(OR($M45="""",$Q45=""""),"""",$M45/$Q45-1)",ok,Korean numeric ticker; exchange prefix inferred as KRX
4,9,2025-04-19T15:38:39,"Equity Research, CJ",CJ,001040,KRX,KRX:001040,http://snusmic.com/wp-content/uploads/2025/04/25_1_1주차_수정보고서_1팀_CJ.pdf,2025-04-19_equity-research-cj.pdf,116700.0,,143696.0,,KRW,"1. CJ올리브영, 국내를 잡고 해외로 동사의 알짜 자회사 CJ올리브영은 명실상부 국내 H&B 시장 1등 유통사이자 오프라 인 독점력을 바탕으로 옴니 채널로의 전환까지 성공한 유일무이한 플레이어다. 내수 주처럼 보이던 CJ올리브영은 K-뷰티의 트렌드를 타고 해외로 끊임없이 확장한다. K - 뷰티를 체험하러 온 외국인 관광객 매출에서부터, 글로벌 몰 성공에 이어 북미 오프 라인 진출까지. 비상장이라는 베일에 감춰져 있던 올리브영. ' 올영세일' 중인 동사의 진가를 투자포인트 1을 통해 확인해보자. 투자포인트 2. 코 앞으로 다가온 합병 작년부터 합병을 준비해온 동사가 본격적으로 합병을 위해 움직이기 시작했다. 그룹 4세는 CJ올리브영 지분을 활용하여 그룹에 대한 지배력을 높여야 한다. 방법은 동사 와 CJ올리브영 간의 합병 혹은 IPO이다...","=IFERROR(GOOGLEFINANCE($H46,""price""),"""")","=IF(OR($M46="""",$Q46=""""),"""",$M46/$Q46-1)",ok,Korean numeric ticker; exchange prefix inferred as KRX
4,10,2024-12-05T04:41:18,"Equity Research, JYP Ent.",JYP Ent.,035900,KRX,KRX:035900,http://snusmic.com/wp-content/uploads/2024/12/24-2-4주차-수정보고서_5팀-JYP_Ent..pdf,2024-12-05_equity-research-jyp-ent-2.pdf,76400.0,,116604.0,,KRW,"25E EPS 4,609원에 Target PER 25.3x를 적용한 116,604원을 목표주가로 제시한다. 23년 하반기 이후 엔터 산업 전체에 퍼진 성장성에 대한 피크아웃 우려로 인해 엔터 산업 전반적인 주가는 하락추세였다. 다만 동사가 3분기 어닝 서프라이즈를 기록한 이후 SKZ의 대형 콘서트를 필두로 이익 성장성이 주목받는 현시점, 엔터 산업 전반 에 중요한 불확실성 요인이었던 어도어 민희진 사태가 해소 국면에 접어든다. 이익 성장에 대한 기대와 불확실성의 해소가 맞물리는 현시점이 투자 적기라 판단한다. 추정 연결손익계산서 (단위 : 백만 원) 2020 2021 2022 2023 1Q24 2Q24 3Q24 4Q24E 2024E 2025E 매출액 144,399 193,900 345,892 566,501 136,502 95,708 17...","=IFERROR(GOOGLEFINANCE($H47,""price""),"""")","=IF(OR($M47="""",$Q47=""""),"""",$M47/$Q47-1)",ok,Korean numeric ticker; exchange prefix inferred as KRX
4,11,2024-12-05T04:41:16,"Equity Research, 한화엔진",한화엔진,082740,KRX,KRX:082740,http://snusmic.com/wp-content/uploads/2024/12/24-2-4주차-수정보고서_4팀-한화엔진.pdf,2024-12-05_equity-research-한화엔진.pdf,16110.0,,24352.0,,KRW,"1. 세상은 D/F엔진을 원한다 세상은 D/F엔진을 원하고, 동사는 D/F엔진을 생산한다. LNG 및 컨테이너선에서는 친 환경 규제 및 D/F엔진의 기술적 장점으로 앞으로의 신규 및 교체수요 모두 D/F엔진 으로 향한다. 이에 더해, 아직 D/F로의 전환이 미비한 탱커선 역시 25년을 시작으로 폭발적으로 전환 국면을 맞을 것이다. 심지어 확실한 잠재 수요인 Ready선까지 동사 의 수요를 단단하게 받쳐 주고 있는 상황. 동사는 고객사와의 협상에서 고개를 숙일 필요가 전혀 없다. 선종을 가리지 않고 누구나 D/F엔진을 원하는 상황, 동사에게는 막대한 가격경쟁력 그리고 공급자 우위 지위를 부여받을 절호의 기회가 온다. 투자포인트 2. 한국과 중국, 이중 연료를 태우는 한화엔진 최근 중국 조선업의 약진은 동사의 중국향 수주를 끌어올리고 있다....","=IFERROR(GOOGLEFINANCE($H48,""price""),"""")","=IF(OR($M48="""",$Q48=""""),"""",$M48/$Q48-1)",ok,Korean numeric ticker; exchange prefix inferred as KRX
4,12,2024-12-05T04:41:13,"Equity Research, Advantest Corporation",Advantest Corporation,6857,TYO,TYO:6857,http://snusmic.com/wp-content/uploads/2024/12/24-2-4주차-수정보고서_3팀-Advantest_Corporation.pdf,2024-12-05_equity-research-advantest-corporation.pdf,,,14463.0,,JPY,"FY 26E EPS ￥ 456에 Target PER 34.0 x를 적용한 목표주가 ￥ 14,463, 상승여력 76%, 투자의 견 BUY를 제시한다. AI가 ‘투기’의 영역에서 ROI를 고려하는 ‘투자’의 영역으로 회귀 하였다. 실적에 대한 기대를 지속적으로 초과 달성하는 기업만이 높은 멀티플을 유 지할 것이다. 이도류로 무장한 사무라이의 칼 끝은 더 높은 곳을 가리키고 있다. *FY라고 언급했을 시 일본 회계연도 기준으로 작성, 이외의 경우 CY 기준으로 작성되었음을 밝힙니다. 連結損益計算書 (연결 손익계산서) (単位：百万円) (단위: 백만 엔) FY2021 FY2022 FY2023 1Q24 2Q24 3Q24E 4Q24E FY2024E FY2025E FY2026E 決算時点 결산시점 22.03.31 23.03.31 24.03.31 24.0...","=IFERROR(GOOGLEFINANCE($H49,""price""),"""")","=IF(OR($M49="""",$Q49=""""),"""",$M49/$Q49-1)",ok,
5,1,2024-12-05T04:41:04,"Equity Research, 동성화인텍",동성화인텍,033500,KRX,KRX:033500,http://snusmic.com/wp-content/uploads/2024/12/24-2-4주차-수정보고서_2팀-동성화인텍.pdf,2024-12-05_equity-research-동성화인텍.pdf,14310.0,,20600.0,,KRW,"25E BPS 7,715원에 Target PBR 2.67x을 적용한 목표주가 20,600원, 투자의견 BUY 를 제시한다. 동사에게는 이제 수주 모멘텀과 이익 모멘텀 모두가 도래했다. 지속되 던 피크아웃 논란을 털어내며, LNG가 계속되는 이상 동사의 성장도 ING일 것이다. 추정 연결손익계산서 (단위: 백만 원) 2020 2021 2022 2023 1Q24 2Q24 3Q24 4Q24E 2024E 2025E 2026E 매출액 387,986 365,039 434,152 531,409 137,271 137,846 136,546 157,385 561,784 737,132 933,254 YoY(%) 53.2% -5.9% 18.9% 22.4% -1.3% 0.4% -0.9% 15.3% 5.7% 31.2% 26.6% 매출원가 316,995 306,1...","=IFERROR(GOOGLEFINANCE($H50,""price""),"""")","=IF(OR($M50="""",$Q50=""""),"""",$M50/$Q50-1)",ok,Korean numeric ticker; exchange prefix inferred as KRX
5,2,2024-12-05T04:41:01,"Equity Research, RFHIC",RFHIC,218410,KRX,KRX:218410,http://snusmic.com/wp-content/uploads/2024/12/24-2-4주차-수정보고서_1팀-RFHIC.pdf,2024-12-05_equity-research-rfhic.pdf,12240.0,,17650.0,,KRW,"1. 주파수 경매권이 불러온 나비효과 정치와 경제는 불가분의 관계이다. 특히 미국 정치는 경제 곳곳에 영향을 미치며, 동사는 이번 미국 선거 결과의 수혜자다. 미국 선거 결과, FCC( 연방통신위원회)에게 주파수 경매권한이 다시 부여되고 FCC는 25년 3.35~3.45 GHz 대역의 주파수에 대 해 경매를 할 가능성이 높다. 매출을 늘리기 위해 버라이즌이 CapEx를 늘릴 것이고 이는 삼성전자 네트워크 사업부의 매출로 이어진다. 최종적으로, GaN 채택 비중이 오르면서 동사의 매출 증가로 귀결될 것이다. 투자포인트 2. 방산으로 뻗어가는 날갯짓 불안한 국제 정세는 방위력에 꾸준한 투자를 해온 국내 방산업의 수혜로 이어졌다. 재래식 무기가 먼저 주목을 받았으나, 전자전의 비중이 확대되고 있다. 전자전의 핵 심은 원활한 통신이다. 통신업이...","=IFERROR(GOOGLEFINANCE($H51,""price""),"""")","=IF(OR($M51="""",$Q51=""""),"""",$M51/$Q51-1)",ok,Korean numeric ticker; exchange prefix inferred as KRX
5,3,2024-11-21T07:05:28,"Equity Research, Round One Corp",Round One Corp,4680,TYO,TYO:4680,http://snusmic.com/wp-content/uploads/2024/11/24-2-3주차-수정보고서_5팀-Round-One-Corp.pdf,2024-11-21_equity-research-round-one-corp.pdf,1063.0,,1400.0,,JPY,"(TTM) 12M 주가추이 시가총액 3,057 억 엔 못말리는 라운드원 아가씨..🙈 Round One Corp (TYO: 4680) 2024년 11월 16일 杉野 公彦 20.71% 管理信託（A027）受託者 株式 会社SMBC信託銀行 12.16% 주요 주주 팀장 49 기 전수연 팀원 49 기 김대원 49 기 정예환 50 기 주민재 50 기 최시아 Buy 25 년 초 목표주가: 1,400 엔 현재주가: 1,063 엔 상승여력: 32% 26 년 초 목표주가: 2,272 엔 현재주가: 1,063 엔 상승여력: 113% Rating 2 Equity Research ReportㅣRound One Corp (4680) )) 1 Nov 2014 CONTENTS How to play. 트렌드를 제시합니다 03 Game start. 챔피언을 소개합니다 05...","=IFERROR(GOOGLEFINANCE($H52,""price""),"""")","=IF(OR($M52="""",$Q52=""""),"""",$M52/$Q52-1)",ok,
5,4,2024-11-21T06:51:56,"Equity Research, Cover Corp",Cover Corp,5253,TYO,TYO:5253,http://snusmic.com/wp-content/uploads/2024/11/24-2-3주차-수정보고서_4팀-Cover-Corp.pdf,2024-11-21_equity-research-cover-corp.pdf,2584.0,,6800.0,,JPY,"– Historical Peer PER Method 22 26 7. Appendix 30 3 Equity Research ReportㅣCover Corp. (TYO: 5253) 1 Nov 2014 버튜버 산업, 한 입 해볼래요? - 산업&기업 분석 얼굴을 노출하지 않고, 캐릭터만 드러내며 방송을 한다는 점에서 버튜버의 진입장벽은 낮아보이 지만, 그렇지 않다. 여러 가지 기술력이 결합되어 있는, 퀄리티 높은 버튜버를 만들기 위해서는 엔터사 존재가 필수적이다. 본서를 통해 소개할 동사, ‘Cover Corp’ 는, 현재 세계에서 그 누구보 다도 퀄리티 높은 버튜버를 체계적으로 생산하고 있다. 동사의 매력을 이해하기 위해 우선 버튜 버와 버튜버 산업에 대해 알아본 후, 이를 바탕으로 동사가 가진 장점에 대해 살펴보자. 1.1. What is...","=IFERROR(GOOGLEFINANCE($H53,""price""),"""")","=IF(OR($M53="""",$Q53=""""),"""",$M53/$Q53-1)",ok,
5,5,2024-11-21T06:51:53,"Equity Research, Grindr Inc.",Grindr Inc.,GRND,NYSE,NYSE:GRND,http://snusmic.com/wp-content/uploads/2024/11/24-2-3주차-수정보고서_3팀-Grindr-Inc..pdf,2024-11-21_equity-research-grindr-inc.pdf,14.32,,24.34,,USD,Raymond Zage 44.3% Fu Bin Lu 20.1% 28th Street Ventures LLC 8.5% 주요 주주 팀장 49기 이재영 팀원 49기 김태인 50기 이재현 50기 최고운 50기 최규호 SMIC 3팀 2 Equity Research ReportㅣGrindr (NYSE: GRND) 1 Nov 2014 CONTENTS 1. 군계일학(群鷄一鶴) – Intro & 주가 분석 3 2. 대도시의 사랑법 – 산업 & 기업 분석 5 3. GenZ is extremely Gay – Point ① 10 4. Gay Date is Different – Point ② 13 5. Unveil TAM-SAM-SOM – Point ③ 18 6. 매출 추정 24 7. 비용 추정 26 8. Valuation 28 Appendix 31 3 Equ...,"=IFERROR(GOOGLEFINANCE($H54,""price""),"""")","=IF(OR($M54="""",$Q54=""""),"""",$M54/$Q54-1)",ok,
5,6,2024-11-21T06:51:51,"Equity Research, Funko Inc.",Funko Inc.,FNKO,NASDAQ,NASDAQ:FNKO,http://snusmic.com/wp-content/uploads/2024/11/24-2-3주차-수정보고서_2팀-Funko-Inc..pdf,2024-11-21_equity-research-funko-inc.pdf,10.29,,16.1,,USD,"(24E) TCG Capital 23.75% Working Capital 9.73% Pleasant Lake LLC 8.74% Funko Inc. (NASDAQ: FNKO) 주요 주주 팀장 49 기 이대영 팀원 49 기 이효진 50 기 김남호 50 기 노현성 50 기 오태한 SMIC 2 팀 2 Equity Research ReportㅣFunko Inc. (NASDAQ:FNKO) 0) 1 Nov 2014 CONTENT 1. 투자 Idea – 변하는 것과 변하지 않는 것 3 2. 색안경 속에서 찾는 기회 – 산업분석 5 3. 트렌드를 파는 기업 – 기업분석 7 4. 콜렉터들을 사로잡은 IP 콜렉터 - 투자포인트 1 9 5. 준비 끝, 도약 시작 – 투자포인트 2 15 6. 매출분석 21 7. Valuation – Historical PER...","=IFERROR(GOOGLEFINANCE($H55,""price""),"""")","=IF(OR($M55="""",$Q55=""""),"""",$M55/$Q55-1)",ok,
5,7,2024-11-21T06:51:48,"Equity Research, Levi Strauss & Co",Levi Strauss & Co,LEVI,NYSE,NYSE:LEVI,http://snusmic.com/wp-content/uploads/2024/11/24-2-3주차-수정보고서_1팀-Levi-Strauss-Co..pdf,2024-11-21_equity-research-levi-strauss-co.pdf,16.76,,26.33,,USD,"1. 이번 트렌드에 방점을 찍을 동사 동사의 역사는 곧 아메리칸 빈티지의 역사이며, 사람들의 인식 속에는 동사 = 아메 리칸 빈티지 라는 공식이 자리한다. 아메리칸 빈티지의 대명사인 동사는 도래하는 새 로운 트렌드에 탑승할 준비를 모두 마쳤다. 패션 트렌드의 흐름을 형성하는 사회, 문 화적 요인이 모두 동사를 가리키는 지금, 새로운 트렌드에 동사는 안착할 것이다. 최 근의 패션 트렌드를 되짚어 보면서, 상장된 패션 브랜드가 유행에 올라탄다는 것은 곧 탑라인 성장과 함께 멀티플 리레이팅을 의미함을 알아보자. 투자포인트 2. Levi’s 체질개선 Story 동사는 더욱 매력적으로 변신하는 중이다. 성숙한 산업 속 수익성을 높이고 효율성을 극대화하기 위해서 체질개선을 진행중이다. 동사는 기존의 도매 중심에서 DTC 중심 으로 빠르게 전환하고...","=IFERROR(GOOGLEFINANCE($H56,""price""),"""")","=IF(OR($M56="""",$Q56=""""),"""",$M56/$Q56-1)",ok,
5,8,2024-11-07T15:32:24,"Equity Research, 에스트래픽",에스트래픽,234300,KRX,KRX:234300,http://snusmic.com/wp-content/uploads/2024/11/24-2-2주차-수정보고서_5팀-에스트래픽.pdf,2024-11-07_equity-research-에스트래픽.pdf,4150.0,,6900.0,,KRW,"1. 미국에 선 작은 거인 AFC 사업에서 S급 역량을 가진 동사는 18년, 미국 내 자회사와 함께 미국 시장에 도전장을 내민다. 국내와는 비교도 안 되는 어마어마한 규모의 미국 시장에서 동사는 새로운 꿈을 꾸기 시작한다. 준비된 인재였던 동사는 19년 워싱턴 D.C를 시작으로, 샌프란시스코, LA 까지 수주 성공의 길을 만들었다. 그리고 지금, 뉴욕이라는 최대 사 업장으로 빠르게 걸어가고 있다. 동사가 안내하는 길을 차근차근 따라간다면, 어느새 동사의 업사이드에 확신을 가지게 될 것이다. 투자포인트 2. 먹던 밥도 잘 먹는다 사람의 입맛은 쉽게 변하지 않는다. 그간 국내에서 안정적으로 매출을 쌓아왔던 동사 는 앞으로도 국내에서 견조한 매출 성장세를 이어갈 것이다. 동사가 영위하는 KTCS- M은 과점 시장으로서, 기존의 외산 신호시스템...","=IFERROR(GOOGLEFINANCE($H57,""price""),"""")","=IF(OR($M57="""",$Q57=""""),"""",$M57/$Q57-1)",ok,Korean numeric ticker; exchange prefix inferred as KRX
5,9,2024-11-07T15:32:22,"Equity Research, 티엘비",티엘비,356860,KRX,KRX:356860,http://snusmic.com/wp-content/uploads/2024/11/24-2-2주차-수정보고서_4팀-티엘비.pdf,2024-11-07_equity-research-티엘비.pdf,13550.0,,106000.0,,KRW,"– Historical PER Method & Historical Peer PER Method 28 7. Appendix 31 3 Equity Research Reportㅣ티엘비 (356860) 1 Nov 2014 산업&기업 분석 고속 성장을 거듭하던 반도체 산업의 ‘무어의 법칙’은 깨졌고 시스템 반도체에 비해 느린 메모리 반도체의 성능 개선 속도에 의해 발생하는 ‘메모리 장벽’에 찬란할 거 같았던 AI시대로의 물결은 그 속도를 늦췄다. 또한 고질적인 발열 문제, 낮은 전력 효율로 발생하는 비용 문제는 AI를 구동 하면 오히려 손해를 보는 아이러니를 만들었다. 더 나은 AI를 위해 메모리의 성능 향상, 비용 문 제 모두를 해결하려는 거대한 파도 eSSD와 DDR5에 올라타 누구보다 빠른 서핑을 이어갈 반도 체 PCB 기업, 티엘비를 소개...","=IFERROR(GOOGLEFINANCE($H58,""price""),"""")","=IF(OR($M58="""",$Q58=""""),"""",$M58/$Q58-1)",ok,Korean numeric ticker; exchange prefix inferred as KRX
5,10,2024-11-07T15:32:19,"Equity Research, 현대모비스",현대모비스,012330,KRX,KRX:012330,http://snusmic.com/wp-content/uploads/2024/11/24-2-2주차-수정보고서_3팀-현대모비스.pdf,2024-11-07_equity-research-현대모비스-2.pdf,248500.0,,386100.0,,KRW,"는 없다. 대주주의 지분율이 높은 상황에서, 동사는 현대 차그룹 밸류업의 최대 수혜자가 될 것이다. 이제 본서와 함께 변화의 순간을 목도해보자. 현대모비스 리딩방 – 펼쳐보고, 읽어보기. 지배구조의 그늘을 걷어내면 비로소 Tier 1 부품사의 저력이 빛을 발한다. 동사는 전 방사의 글로벌 도약을 동행하며 경쟁사들과 차별화된 제조역량을 갖췄다. 안정적 캐 시카우 사업부문을 기반으로 과감한 투자로 도약을 준비하고 있다. 프리미엄화와 전 기차 전환이라는 완성차 트렌드에 탑승하기 위해 동사가 선택한 티켓은 고부가가치 부품과 전동화 부문이다. 고부가가치 부품은 단기 성과에 대한 전망을, 전동화 부문 은 장기 레이스에서 동사가 좋은 펀더멘탈을 갖출 것이라는 판단을 가능케 한다. 북 미 전동화 공장의 가동은 자동차 시장에서의 존재감을 뽐낼 시동음이...","=IFERROR(GOOGLEFINANCE($H59,""price""),"""")","=IF(OR($M59="""",$Q59=""""),"""",$M59/$Q59-1)",ok,Korean numeric ticker; exchange prefix inferred as KRX
5,11,2024-11-07T15:32:17,"Equity Research, 브이티",브이티,018290,KRX,KRX:018290,http://snusmic.com/wp-content/uploads/2024/11/24-2-2주차-수정보고서_2팀-브이티.pdf,2024-11-07_equity-research-브이티.pdf,32500.0,,55700.0,,KRW,"(24E) 자산 총계 부채 총계 자본 총계 3,093 억원 1,328 억원 1,765 억원 B/S data (1H24) 리들샷, 브이티나게 팔리는 중 동사의 2026E EPS 3,666원에 12mf PER 15.2x를 적용한 55,700을 목표주가로 제시 한다. 바야흐로 트렌드의 시대, 주가는 실적에 선행하고, 트렌드는 실적의 선행지표 다. 24 년 다이소에서 판매한 동사의 리들샷은 말그대로 쇼티지 상황이었다. 국내와 일본에서의 흥행을 시작으로 동사는 본격적인 해외진출 눈 앞에 두고 있다. 모든 트 렌드 지표는 동사의 구조적 증익을 예견하고 있다. 자 이제 브이티나게 팔아보자. Point ① - 넌 내게 빠져, 리들샷 원히트원더, 이제 옛말이 될 예정이다. K -Beauty로 인기를 얻는 브랜드들은 신제품 도 연이어 히트를 시키고 있다....","=IFERROR(GOOGLEFINANCE($H60,""price""),"""")","=IF(OR($M60="""",$Q60=""""),"""",$M60/$Q60-1)",ok,Korean numeric ticker; exchange prefix inferred as KRX
5,12,2024-11-07T15:32:13,"Equity Research, 한국전력",한국전력,015760,KRX,KRX:015760,http://snusmic.com/wp-content/uploads/2024/11/24-2-2주차-수정보고서_1팀-한국전력.pdf,2024-11-07_equity-research-한국전력-2.pdf,23050.0,,37630.0,,KRW,"1. 지금, 전력요금 인상에 베팅하라 17년 이후 항상 유지되어 왔던, 산업용 < 주택용 < 일반용이라는 전기요금 공식이 정부의 선별적인 산업용 전기요금 인상으로 깨지고 있다. 국내 물가에 미치는 영향이 크며 민생과 직결되는 주택용, 일반용 전기요금 인상을 정부는 최대한 미뤄온 것으로 보이나, 이제는 더 이상 미룰 수 없다. 한전법을 지키기 위해서라도 빠른 시기 내에 수익을 증가시켜야만 하는 상황에 놓여있고, 물가 상승률이 낮고 선거까지 기간이 남 아있으며, 결정권자의 강한 인상 의지가 엿보이는 지금이 동사가 주택용, 일반용 전 기요금을 인상할 적기이다. 구체적인 인상액과 인상시기를 알아보며 전력 판매량 또 한 꾸준히 증가할 수밖에 없음을 알아보자. 투자포인트 2. Under Pressure, C 아래에서 위로 봐도 매력적인 동사다. 복...","=IFERROR(GOOGLEFINANCE($H61,""price""),"""")","=IF(OR($M61="""",$Q61=""""),"""",$M61/$Q61-1)",ok,Korean numeric ticker; exchange prefix inferred as KRX
6,1,2024-10-17T07:29:02,"Equity Research, HDC현대산업개발",HDC현대산업개발,294870,KRX,KRX:294870,http://snusmic.com/wp-content/uploads/2024/10/24-2-1주차-수정보고서_5팀-HDC현대산업개발.pdf,2024-10-17_equity-research-hdc현대산업개발.pdf,22150.0,,35600.0,,KRW,"1. 튼튼한 나무: 자체 사업으로 수익원 확보 바야흐로 자체개발 사업의 시대다. 동사는 수주 물량에 회사의 명운을 걸기보다는 자 체적으로 프로젝트를 시행해 시공까지 마치면서 자체사업 역량을 확보해왔다. 이제 그 진가가 드러날 광운대 역세권 개발사업이 착공이 임박했다. 동사는 용산역 개발을 진행한 레퍼런스가 있기 때문에, 성공적으로 프로젝트를 마칠 것이라는 큰 기대를 받 고 있다. 세간의 주목은 광운대 역세권 개발사업에 쏠려 있지만, 동사의 성장 스토리 는 이제 시작이다. 그동안 갈고닦은 역량으로 날개를 달 동사의 성장에 주목해보자. 투자포인트 2. 울창한 숲: 회복 사이클의 수혜는 동사에게 얼어붙어 있던 건설업계에 드디어 훈풍이 불기 시작한다. 미국이 지난 9월 ‘빅컷’을 단행하면서 11일 한국은행 또한 기준금리를 25bp 인하하였다....","=IFERROR(GOOGLEFINANCE($H62,""price""),"""")","=IF(OR($M62="""",$Q62=""""),"""",$M62/$Q62-1)",ok,Korean numeric ticker; exchange prefix inferred as KRX
6,2,2024-10-17T07:28:59,"Equity Research, SOOP",SOOP,067160,KRX,KRX:067160,http://snusmic.com/wp-content/uploads/2024/10/24-2-1주차-수정보고서_4팀-SOOP.pdf,2024-10-17_equity-research-soop.pdf,96200.0,,182500.0,,KRW,"(24E) 12M 주가추이 시가총액 1 조 1,058 억 원 Buy 목표주가: 182,500 원 현재주가: 96,200 원 상승여력: 93.53% Rating Afreeca에 피어난 SOOP SOOP (067160) 2024년 10월 11일 쎄인트인터내셔널 외 8인 26.33% UBS AG 외 4인 7.70% Morgan Stanley 5.65% 주요 주주 팀장 49기 이준호 팀원 49기 한승호 50기 심재윤 50기 김태원 50기 박민석 2 Equity Research ReportㅣSOOP (067160) 1 Nov 2014 CONTENTS 1. 투자 Idea 03 2. 산업 & 기업 분석 04 3. Point 0. 진정한 풍(⭐)력 발전, 별풍선이 쓰러지지 않아 08 4. 투자포인트 Point 1. 전파 끊기는 소리, 치지직 10 Po...","=IFERROR(GOOGLEFINANCE($H63,""price""),"""")","=IF(OR($M63="""",$Q63=""""),"""",$M63/$Q63-1)",ok,Korean numeric ticker; exchange prefix inferred as KRX
6,3,2024-10-17T07:28:56,"Equity Research, 크래프톤",크래프톤,259960,KRX,KRX:259960,http://snusmic.com/wp-content/uploads/2024/10/24-2-1주차-수정보고서_3팀-크래프톤.pdf,2024-10-17_equity-research-크래프톤.pdf,331500.0,,600500.0,2019.0,KRW,(24F) 장병규 외 31인 21.3% IMAGE FRAME INVESTMENT(HK) LIMITED 13.9% 주요 주주 팀장 49기 이재영 팀원 49기 김태인 50기 이재현 50기 최고운 50기 최규호 SMIC 3팀 2 Equity Research Reportㅣ크래프톤 (259960) 1 Nov 2014 CONTENTS 1. 세계시장의 벽을 넘어 – 산업 분석 3 2. 배틀로얄에서 꽃피운 Kraftmanship – 기업 분석 5 3. IP가 VIP – Preview 8 4. Road to India – Point ① 9 5. Time to inZOI – Point ② 15 6. 투자 전략 21 7. Valuation 23 8. Appendix 31 3 Equity Research Reportㅣ크래프톤 (259960) 1 Nov 201...,"=IFERROR(GOOGLEFINANCE($H64,""price""),"""")","=IF(OR($M64="""",$Q64=""""),"""",$M64/$Q64-1)",ok,Korean numeric ticker; exchange prefix inferred as KRX
6,4,2024-10-17T07:28:52,"Equity Research, 인카금융서비스",인카금융서비스,211050,KRX,KRX:211050,http://snusmic.com/wp-content/uploads/2024/10/24-2-1주차-수정보고서_2팀-인카금융서비스.pdf,2024-10-17_equity-research-인카금융서비스.pdf,5080.0,,22.0,13700.0,KRW,"(24E) 자산 총계 부채 총계 자본 총계 5,600 억원 4,432 억원 1,168 억원 B/S data (1Q24) 최저가 투자 이익 보장 보험 동사의 2025 EPS 1,325원에 Target 12mf PER 6.09x를 적용한 8,100원을 Base case 목표주가로 제시한다. 동사는 22년 코스닥으로 이전 상장한 뒤 단 한 번도 12mf PER 5x 이상 부여 받지 못한 저평가 주식이다. 국내에서는 GA를 개별 영업사원들의 집합으로 생각하여 동사의 성장세와 지금의 이익이 일회성일 수도 있다는 불안감에 사로잡혀 낮은 멀티플을 부여하고 있기 때문이다. 지금부터 이익의 지속성과 다가올 성장 모멘텀을 통해 규명하는 동사의 Re-rating 가능성을 만나보자. 편견을 넘어 기회를 잡고 : 고래 싸움에 팝콘 팔기 보험업계의 경쟁강도는 계...","=IFERROR(GOOGLEFINANCE($H65,""price""),"""")","=IF(OR($M65="""",$Q65=""""),"""",$M65/$Q65-1)",ok,Korean numeric ticker; exchange prefix inferred as KRX
6,5,2024-10-17T07:28:35,"Equity Research, 씨에스윈드",씨에스윈드,112610,KRX,KRX:112610,http://snusmic.com/wp-content/uploads/2024/10/24-2-1주차-수정보고서_1팀-씨에스윈드.pdf,2024-10-17_equity-research-씨에스윈드.pdf,61500.0,,134400.0,,KRW,"1. 홀로 봄을 맞이한 동사 금리인상으로 풍력 업황은 불황을 맞이했음에도 동사는 홀로 공격적인 증설을 단행 했다. 초대형 부품이 오가는 풍력업에서 타워업의 핵심은 생산법인의 위치와 생산능 력이다. 동사는 전략적으로 미국에 육상, 유럽에 풍력 생산법인을 증설하고 있다. 풍 력 발전원이 설치된 지역을 낱낱이 파헤쳐보며 글로벌 터빈사들이 동사를 선택할 수 밖에 없는 이유를 확인해보자. 투자포인트 2. 다시 부는 바람 각국 정부가 세제감면과 보조금으로 전폭적인 지지를 해왔음에도 불구하고, 풍력업은 금리와 그리드 병목으로 어두운 길을 걸었다. 다시 금리 인하가 시작되었고, 중단되 었던 풍력 프로젝트들이 재가동되며 물꼬가 트이기 시작했다. 전문가들은 입을 모아 24년을 풍력 산업의 턴어라운드로 짚고 있다. 풍력업에 다시 불어온 바람과 함께, 이 제...","=IFERROR(GOOGLEFINANCE($H66,""price""),"""")","=IF(OR($M66="""",$Q66=""""),"""",$M66/$Q66-1)",ok,Korean numeric ticker; exchange prefix inferred as KRX
6,6,2024-06-07T08:03:41,"Equity Research, 쿠쿠홀딩스",쿠쿠홀딩스,192400,KRX,KRX:192400,http://snusmic.com/wp-content/uploads/2024/06/24_1_4주차_수정보고서_5팀_쿠쿠홀딩스.pdf,2024-06-07_equity-research-쿠쿠홀딩스.pdf,21350.0,,28900.0,,KRW,"- 쿠쿠, 단단한 펀더멘털로 뜸 들이기 동사는 국내 전기밥솥시장에서 M/S 80%, 1인자의 자리를 30년째 유지하고 있다. 매 년 매출은 꾸준히 오르고, 제조업임에도 두 자리수 ROE와 OPM이라는 퍼포먼스를 내고 있다. 동사의 행보는 앞으로도 계속될 것이다. 한국에서 전기밥솥을 캐시카우 로 제한된 다운사이드를, 수출로 활짝 열린 업사이드를 함께 따라가보자. 동사는 국 내 밥솥 시장으로의 선제적 시장 진입과 안정적 사업 운영을 통해 오랫동안 타사 대비 압도적인 수익성을 유지해왔다. 투자포인트에서는 동사 수익성의 정량적인 매 력도를 타사와의 비교를 통해 직접 알아본다. 두번째로, 동사의 기업체질 변화를 위 해서는 적극적인 해외 진출이 필요하다. 이를 위해 성장하는 중국과 동남아의 밥솥 시장, 미국의 멀티쿠커까지, 단단한 업력과 기술력,...","=IFERROR(GOOGLEFINANCE($H67,""price""),"""")","=IF(OR($M67="""",$Q67=""""),"""",$M67/$Q67-1)",ok,Korean numeric ticker; exchange prefix inferred as KRX
6,7,2024-06-07T08:02:47,"Equity Research, 케이씨",케이씨,029460,KRX,KRX:029460,http://snusmic.com/wp-content/uploads/2024/06/24_1_4주차_수정보고서_4팀_케이씨.pdf,2024-06-07_equity-research-케이씨.pdf,21550.0,,28100.0,,KRW,"을 통해 도출한 28,100원을 목표주가로 제시한다. 반도체 장비/소재 전문 지주회사인 동사가 AI 반도체 수요 증가 속에서 견고한 성장을 맞이할 것임은 의심할 여지가 없다. 그러나 최근 전방사의 CAPEX 투자 중단에 대한 우려와 첨단 장비로 몰리는 수급으로 인해 동사 주가는 다소 단조로운 모습을 보여왔다. 그러나 다시금 전방의 반도체 투자가 활기를 찾기 시작했으며, 언제나 그랬듯 동사의 실적 상승이 이어지면, 비로소 동사의 가치는 제고될 것이다. Point 1. 다시 돌아가기 시작한 반도체 투자 시계 동사의 실적에 가장 중요한 것은 전방의 Capex가 증가하는 것이다. AI 시장은 폭발 적인 성장을 맞이하고 있고, 이 흐름에 필수적인 반도체의 수요 역시 증폭하고 있다. 특히나 AI가 고성능화 되어가며 HBM의 수요와, DRAM, NA...","=IFERROR(GOOGLEFINANCE($H68,""price""),"""")","=IF(OR($M68="""",$Q68=""""),"""",$M68/$Q68-1)",ok,Korean numeric ticker; exchange prefix inferred as KRX
6,8,2024-06-07T08:02:13,"Equity Research, 넥센",넥센,005720,KRX,KRX:005720,http://snusmic.com/wp-content/uploads/2024/06/24_1_4주차_수정보고서_3팀_넥센.pdf,2024-06-07_equity-research-넥센.pdf,4435.0,,6080.0,,KRW,"을 통해 도출한 6,080원을 목표주가로 제시한다. 한국의 지주회사들 은 중복상장, 불명확한 투자아이디어, 상속 이슈 등 다양한 이유로 주가를 할인 받고 있다. 이를 상쇄하기 위해서는 그룹 전체가 유사한 사업을 영위하며 시너지를 높여야 하며, 배당을 늘려 ROE를 제고해야 할 것이다. 이를 가능하게 하는 것은 결국 유망 한 자회사의 성장과 자본을 효율적으로 배치할 수 있는 역량이다. 이러한 모든 조건 을 갖춘 사업지주 회사 Nexen을 소개한다. 투자포인트 1. Tire Makes Growth 동사의 심장, 넥센타이어가 빠르게 뛰기 시작한다. 멀게만 보였던 타이어 산업의 터 널, 그 터널의 끝자락은 지금껏 보지 못했던 황금기와 맞닿아 있었다. 기술의 발전으 로 인한 고마진 타이어 시장 확대와 팬데믹 기간동안의 타이어 판가 상승은 기업들...","=IFERROR(GOOGLEFINANCE($H69,""price""),"""")","=IF(OR($M69="""",$Q69=""""),"""",$M69/$Q69-1)",ok,Korean numeric ticker; exchange prefix inferred as KRX
6,9,2024-06-07T08:01:13,"Equity Research, KG스틸",KG스틸,016380,KRX,KRX:016380,http://snusmic.com/wp-content/uploads/2024/06/24_1_4주차_수정보고서_2팀_KG스틸.pdf,2024-06-07_equity-research-kg스틸.pdf,6790.0,,9600.0,,KRW,"- 나 아직 철 안 지났어 동사는 오랜 기간 Cyclical 특성이 강한 철강 산업 플레이어로서 극심한 저평가와 투 자자들의 외면을 면치 못했다. 21년 이후 장기 지속 중인 중국발 철강 업황 부진에 따른 사양 산업화 우려는 그간 동사 재평가의 기회를 막아온 주요한 요인이다. 본 보 고서는 저평가의 기저에 존재하는 과도한 우려를 해소하는 동시에, 동사의 펀더멘털 에 대한 이해를 통해 현재 동사가 영위하는 사업에 대한 신뢰를 제공하고자 한다. 이를 위해 단기적으로는 21년 이후 동사가 보여온 실적 개선의 흐름과 유사하게 고 수익 포트폴리오 위주의 실적 견인이 지속될 것임을 규명한다. 더불어 장기적으로 25년 이후의 업황 회복을 전망하며 동사가 영위하는 철강 산업에 대한 비관적 인식 을 개선한다. 마지막으로, 25 년부터 동사가 개진할 신사...","=IFERROR(GOOGLEFINANCE($H70,""price""),"""")","=IF(OR($M70="""",$Q70=""""),"""",$M70/$Q70-1)",ok,Korean numeric ticker; exchange prefix inferred as KRX
6,10,2024-06-07T07:58:53,"Equity Research, 오리온",오리온,271560,KRX,KRX:271560,http://snusmic.com/wp-content/uploads/2024/06/24_1_4주차_수정보고서_1팀_오리온.pdf,2024-06-07_equity-research-오리온-2.pdf,92100.0,,116200.0,,KRW,". 원조 K-푸드 수출 기업 동사는 낮은 부채비율, 빠른 현금화, 높은 OPM 등 좋은 조건은 다 갖췄다. 매출만 발생하면 이익을 남기고 현금을 쌓는 것은 당연한 수순이 된 동사의 앞에, 매출 성장 의 바통을 이어받을 주자들이 기다리고 있다. 단일 국가로 가장 많은 매출을 발생시 키며 동사의 든든한 캐시카우가 되어주는 중국에 이어, 쌀스낵, 젤리 등 노련한 현지 화 전략으로 공략해 나가고 있는 베트남이 기다리고 있다. 베트남의 뒤에도 꼬북칩이 히트상품으로 성공하면서 차곡차곡 성장해 나가는 미국과 베트남 시장 진출 시절과 유사한 속도로 성장 중인 인도 시장이 있다. Plus α. 리가켐 인수, 실수는 아니에요 리가켐바이오는 동사에게 명백한 저평가의 원인이 됐다. 그러나 이러한 저평가는 이 종 산업에 속한 기업을 인수했다는 사실뿐 아니라,...","=IFERROR(GOOGLEFINANCE($H71,""price""),"""")","=IF(OR($M71="""",$Q71=""""),"""",$M71/$Q71-1)",ok,Korean numeric ticker; exchange prefix inferred as KRX
6,11,2024-05-24T16:24:40,"Equity Research, Intuitive Surgical",Intuitive Surgical,ISRG,NASDAQ,NASDAQ:ISRG,http://snusmic.com/wp-content/uploads/2024/05/24_1_3주차_수정보고서_5팀_Intuitive_Surgical.pdf,2024-05-24_equity-research-intuitive-surgical.pdf,396.43,,523.8,,USD,"– Historical PER Method 23 6. Appendix 31 3 Equity Research ReportㅣIntuitive Surgical, Inc. (NASDAQ : ISRG) 0) 1 Nov 2014 Intro. 무리 가운데 우두머리를 차지하여 나머지를 지배하고 이끌어 갈 수 있는 힘, 바로 헤게모니에 대한 설명이다. 작은 집단에서 강대국 간의 경쟁까지, 기원전 석기시대부터 24년 현재까지, 헤게 모니를 보유한 주체는 언제나 전례 없는 성장을 보여주었고 모두의 선망의 대상이 되었다. 주식 투자 또한 시대의 헤게모니를 쥐고 있는 기업을 찾아가는 과정이 되어야 한다. 스마트폰 시장 개화기의 APPLE, AI 시대의 NVIDIA 와 같은 기업은 모두 본인을 남에게 맞추는 것이 아닌 스스로 산업을 이끌어 나갔으며 이는 곧 차별...","=IFERROR(GOOGLEFINANCE($H72,""price""),"""")","=IF(OR($M72="""",$Q72=""""),"""",$M72/$Q72-1)",ok,
6,12,2024-05-24T16:22:58,"Equity Research, OSAKA Titanium Technologies Co.,Ltd.","OSAKA Titanium Technologies Co.,Ltd.",5726,TYO,TYO:5726,http://snusmic.com/wp-content/uploads/2024/05/24-1-3주차-수정보고서_4팀-OSAKA-Titanium-Technologies-Co.Ltd_..pdf,2024-05-24_equity-research-osaka-titanium-technologies-co-ltd.pdf,2490.0,,4300.0,,JPY,"를 통해 넘치는 수요와 좁혀지는 공급 사이 매력적인 틈을 숫자로 증명하고, 그 수혜가 동사의 마진 개선으로 이어질 것임을 보이도록 하겠다. 투자포인트 1. 티타늄 스펀지 쇼티지 사람들은 다시 캐리어를 끌고 공항으로 향하기 시작했다. 이들을 필두로 여객 회복의 기운이 완연해지고, 팬데믹 당시 감축했던 인력들을 다시 채용하면서 항공기의 수요 는 점점 증가하고 있다. 이를 확인하고자 견조한 수요 속, 증설을 진행 중인 최전방 의 Q를 직접 추정하였다. 한편 공급 측면에서 VSMPO의 선택지들을 하나하나 뜯어 보면, 지금 당장 이전 수준의 막대한 양의 티타늄 정광을 구할 수 없는 상황이 도래 했음을 알 수 있다. 즉, 현시점 티타늄 스펀지는 그야말로 ‘부족’하다. 그리고 그 수혜 는 러시아의 반대 진영 내 일본 티타늄 스펀지 업체들을 향하고 있...","=IFERROR(GOOGLEFINANCE($H73,""price""),"""")","=IF(OR($M73="""",$Q73=""""),"""",$M73/$Q73-1)",ok,
7,1,2024-05-24T16:21:34,"Equity Research, Palantir Technologies Inc.",Palantir Technologies Inc.,PLTR,NASDAQ,NASDAQ:PLTR,http://snusmic.com/wp-content/uploads/2024/05/24_1_3주차_수정보고서_3팀_Palantir_Technologies_Inc..pdf,2024-05-24_equity-research-palantir-technologies-inc.pdf,21.65,,40.89,,USD,"1. 대체 가능한 인간 - AI 역량 쇼티지 발생 AI는 인간을 대체할 수 있을까? 모두 AI를 외치고 있는 세상. 하지만 기업들은 스스 로 AI를 구현할 수 있는 역량이 부족하다. 즉, ‘AI 역량 쇼티지’를 맞이한 것이다. 이 는 고스란히 AI 인력 채용 수요의 급증으로 이어졌다. 하지만 이를 채워줄 수 있는 실질적인 인력은 부족한 상황이다. 미국 사회의 구조적인 문제로 인해 대학 입학생이 지속적으로 감소하고 있고, 회복의 기미가 보이지 않고 있기 때문이다. 외국인 수급 역시 턱없이 부족한 상황이다. 이때, 동사의 AIP가 등장했다. 경험과 지식을 요하는 AI 인력을 대체하기 위해 등장한 구원투수, 팔란티어를 소개한다. 투자포인트 2. AI Platform, AIP 동사의 AIP는 AI 인프라를 구축하는 인력들을 빠르게 대체할 것이다...","=IFERROR(GOOGLEFINANCE($H74,""price""),"""")","=IF(OR($M74="""",$Q74=""""),"""",$M74/$Q74-1)",ok,
7,2,2024-05-24T16:18:22,"Equity Research, Fluence Energy Inc.",Fluence Energy Inc.,FLNC,NASDAQ,NASDAQ:FLNC,http://snusmic.com/wp-content/uploads/2024/05/24_1_3주차_수정보고서_2팀_Fluence_Energy_Inc.pdf,2024-05-24_equity-research-fluence-energy-inc.pdf,18.24,,32.89,,USD,"1. BESS is the Best to Solve the Rest! 09 4. 투자포인트 2. BarriEr Stands Strong 16 5. Issue & Risk 21 6. 매출 추정 22 7. Valuation – DCF Method 25 8. Appendix 31 3 Equity Research ReportㅣFluence Energy Inc (NASDAQ: FLNC) 1 Nov 2014 1. 산업 분석 AI가 촉발한 막대한 규모의 전력 수요 증가는 전력망 산업에 대한 관심으로 이어졌다. 전력망의 선두에 있는 변압기와 전선 산업은 빅사이클에 올라타며 유례없는 호황을 누리고 있다. 이제 그 호황은 전력망의 다음 타자, ESS 산업으로 이어진다. 뿐만 아니라, AI는 데이터센터의 폭발적인 증가를 이끌며 새로운 모멘텀을 형성했다. 전...","=IFERROR(GOOGLEFINANCE($H75,""price""),"""")","=IF(OR($M75="""",$Q75=""""),"""",$M75/$Q75-1)",ok,
7,3,2024-05-24T16:16:51,"Equity Research, Centrus Energy Corp",Centrus Energy Corp,LEU,NYSE,NYSE:LEU,http://snusmic.com/wp-content/uploads/2024/05/24_1_3주차_수정보고서_1팀_Centrus_Energy_Corp.pdf,2024-05-24_equity-research-centrus-energy-corp.pdf,43.64,,832.82,,USD,"1. SMR, HALEU와 함께 춤을 AI 혁명으로 전력 수요가 가속화되면서 원전, 나아가 SMR 수요를 자극하지만 시장 은 아직 새로운 기술에 대해 회의적이다. 하지만 동사의 Upside를 위해 필요한 SMR 수요는 원전 발전량의 20%, 미국 전력 수요의 1%면 충분하다. SMR 의 수요를 구체 적으로 추적하면서 그 성공 가능성을 점쳐보자. 투자포인트 2. 동사는 Top-Pick이자 Only-Pick 러우 전쟁으로 핵 안보가 위협받으면서 탈 러시아 움직임과 함께 미국이 원전 산업 통제력을 회복하러 출격했다. 새로운 출발에는 새로운 판을 깔아둬야 하는 법. 미국 은 선진 원자로라는 새로운 판을 깔아두기 위해서 막대한 예산과 지원을 준비해 놓 았다. 정부의 적극적인 개입 없이는 선뜻 나서기 어려운 HALEU 시장으로 동사는 발 걸음을 뗐...","=IFERROR(GOOGLEFINANCE($H76,""price""),"""")","=IF(OR($M76="""",$Q76=""""),"""",$M76/$Q76-1)",ok,
7,4,2024-05-09T07:30:21,"Equity Research, 롯데관광개발",롯데관광개발,032350,KRX,KRX:032350,http://snusmic.com/wp-content/uploads/2024/05/24_1_2주차_수정보고서_5팀_롯데관광개발.pdf,2024-05-09_equity-research-롯데관광개발.pdf,10150.0,,19220.0,,KRW,"Main Idea 8 4. CHINESE’ Back – Point ① 10 5. 카지노칩 장전, 동사에게 배팅 – Point ② 16 6. Issue & Risk 21 7. Valuation – EV/EBITDA Method 23 8. Appendix 31 3 Equity Research Reportㅣ롯데관광개발 (032350) 0) 1 Nov 2014 1. 가깝지만 먼 너, 외국인 전용 카지노 – 산업분석 사람을 현혹시키는 화려한 불빛과 다양한 볼거리, 그리고 일확천금의 꿈. 인간 본성에 존재하는 무수히 많은 측면 중 도박과 돈을 향한 욕망은 분명 그 중 하나다. 한국 카지노 산업은 중국의 한한령, 코로나로 인한 국경 봉쇄 등으로 바람 잘 날 없었지만 이제는 기대해도 좋다. 밀려오는 중국인과 함께 실적 턴어라운드를 시작한 카지노들은 전...","=IFERROR(GOOGLEFINANCE($H77,""price""),"""")","=IF(OR($M77="""",$Q77=""""),"""",$M77/$Q77-1)",ok,Korean numeric ticker; exchange prefix inferred as KRX
7,5,2024-05-09T07:29:40,"Equity Research, 율촌화학",율촌화학,008730,KRX,KRX:008730,http://snusmic.com/wp-content/uploads/2024/05/24_1_2주차_수정보고서_4팀_율촌화학.pdf,2024-05-09_equity-research-율촌화학.pdf,32350.0,,69000.0,,KRW,"– PER Method 26 7. Appendix 33 3 Equity Research Reportㅣ율촌화학 (008730) 1 Nov 2014 파우치형 필름, 좋은 배터리의 선결조건 – 산업분석 동사는 파우치형 배터리를 만드는 데 필수적인 재료인 파우치형 필름을 만드는 기업이다. 파우 치형 필름의 성능은 배터리의 성능 및 안전성에 직결된다는 점에서 매우 중요하다. 동사가 속해 있는 밸류체인을 먼저 살펴보고, 진입장벽이 있는 해당 산업에서 가장 중요한 것은 기술적 해자 를 구축하는 것임을 살펴보자. 1.1. 좋은 배터리에는 좋은 재료가 필요해 파우치형 필름이 무엇인지를 이해하기 위해서는 먼저 파우치형 필름의 전방에 대해 먼저 이해해 야 한다. 이차전지의 밸류체인은 이차전지를 사용해 전기차, IT기기, ESS등을 만드는 전방 기업, 이차전...","=IFERROR(GOOGLEFINANCE($H78,""price""),"""")","=IF(OR($M78="""",$Q78=""""),"""",$M78/$Q78-1)",ok,Korean numeric ticker; exchange prefix inferred as KRX
7,6,2024-05-09T07:28:53,"Equity Research, 알테오젠",알테오젠,196170,KRX,KRX:196170,http://snusmic.com/wp-content/uploads/2024/05/24_1_2주차_수정보고서_3팀_알테오젠.pdf,2024-05-09_equity-research-알테오젠.pdf,180800.0,,242200.0,,KRW,"1. 키트루다, 넌 나를 원해 제네릭과 바이오시밀러의 성장, 약가 인하를 위한 정책적 움직임으로 빅파마들은 위 기를 맞는다. 늘어나는 R&D 비용, 낮아지는 ROI 속에서 빅파마의 해자는 오리지널 약의 특허이다. 매출 1위의 블록버스터, 암치료의 패러다임을 바꾼 면역항암제 키트 루다의 특허만료가 다가온다. 아직 정복할 암이 많이 남았기에, 이대로 퇴장하기 너 무 아깝다. 빅파마 머크는 키트루다의 특허방어를 위해 동사의 SC제형변경 기술과 독점계약을 맺는다. 키트루다는 적응증 추가로 항암 시장에서 더욱더 성장할 것이며, 키트루다SC는 그 수요를 빠르게 대체할 것이다. 투자포인트 2. 알테오젠, 모든 가능성 열어 둬 키트루다의 제형 변경 이외에도 동사는 무궁무진한 확장을 목전에 두고 있다. 그 시 작은 블록버스터 약품 시밀러들의 SC제형 변...","=IFERROR(GOOGLEFINANCE($H79,""price""),"""")","=IF(OR($M79="""",$Q79=""""),"""",$M79/$Q79-1)",ok,Korean numeric ticker; exchange prefix inferred as KRX
7,7,2024-05-09T07:27:57,"Equity Research, 데브시스터즈",데브시스터즈,194480,KRX,KRX:194480,http://snusmic.com/wp-content/uploads/2024/05/24_1_2주차_수정보고서_2팀_데브시스터즈.pdf,2024-05-09_equity-research-데브시스터즈-2.pdf,47100.0,,87700.0,,KRW,"1. 쿠키가 TOP을 오르는 법 21년 이후 기나긴 겨울 끝에 신작 모멘텀이 찾아왔다. 지난 1월 CBT(Closed Beta Test)를 성황리에 마치며 기대감을 모은 <쿠키런: 모험의 탑>은 6월 26일 출시 이 후 동사의 지지부진한 실적 횡보를 끝내고 업사이드를 열 것으로 보인다. 본 투자포 인트에서는 실적 업사이드 제시 전에 선결되어야 하는 동사의 신작 게임의 성공 여 부에 대한 확신을 제공하고자 한다. 단순 Q의 증가뿐 아니라 게임사의 다음 신작 라 인업을 기대하게 하는 성장성의 지표가 되기도 하는 유저 수(월간 이용자수, MAU)를 기준으로 게임 흥행 요인을 살펴보며, 결론적으로 단기 흥행과 장기 지속에 성공한 신작이 다변화된 포트폴리오와 맞물려 동사 업사이드의 포문을 열 것임을 증명한다. 투자포인트 2. 쿠키 맛집이 성심당처...","=IFERROR(GOOGLEFINANCE($H80,""price""),"""")","=IF(OR($M80="""",$Q80=""""),"""",$M80/$Q80-1)",ok,Korean numeric ticker; exchange prefix inferred as KRX
7,8,2024-05-09T07:26:12,"Equity Research, 에이피알",에이피알,278470,KRX,KRX:278470,http://snusmic.com/wp-content/uploads/2024/05/24_1_2주차_수정보고서_1팀_에이피알.pdf,2024-05-09_equity-research-에이피알.pdf,297000.0,,414000.0,,KRW,"1. 모로 가도 미국으로 가면 된다 동사의 성장동력은 미국 시장에 있다. 미국은 새로운 성장기를 맞은 뷰티 디바이스 기업에게 거대한 기회의 땅이 되어가고 있다. 한국보다 피부과가 비싸고 먼 미국에서 뷰티 디바이스는 생필품으로 자리잡을 것이다. 미국의 뷰티 디바이스 보급률은 마치 고데기가 그랬듯 가장 커질 것이다. 그리고 지금, 미국 뷰티 디바이스 시장은 시장을 이끄는 주인이 없다. 이런 상황에서 가성비와 브랜드 파워를 모두 잡은 동사는 미국 소비자의 선택을 받을 것임에 틀림없다. 이제 동사의 이런 성공 스토리를 함께 확인 해보자. 투자포인트 2. 브랜드 파워, 아무나 흉내 낼 수 없다. 동사는 홈뷰티 디바이스 시장에서 빠르게 대표 브랜드의 지위를 차지했다. 신생 기업 에게 있어 이것이 가능했던 이유는 ①인지도 확보, ② 소비자 니즈 파악...","=IFERROR(GOOGLEFINANCE($H81,""price""),"""")","=IF(OR($M81="""",$Q81=""""),"""",$M81/$Q81-1)",ok,Korean numeric ticker; exchange prefix inferred as KRX
7,9,2024-04-17T05:40:57,"Equity Research, 현대차",현대차,005380,KRX,KRX:005380,http://snusmic.com/wp-content/uploads/2024/04/24-1-1주차-수정보고서_5팀-현대차.pdf,2024-04-17_equity-research-현대차-2.pdf,238000.0,,314900.0,,KRW,"① 8 4. K-밸류업, 누가 제일 잘할까 – 투자포인트 ② 16 5. Valuation – Peer PBR Method 23 6. Appendix 31 3 Equity Research Reportㅣ현대차 (005380) 1 Nov 2014 1. 변화는 바람을 타고, 부릉부릉 ~ – 산업 & 기업 분석 1.1 완성차기업 중심의 자동차 산업 자동차 산업은 5,000조원 규모에 달하는, 전 세계에서 가장 거대한 산업이다. 그 거대한 규모만 큼 디자인 및 설계 → 부품 제작 및 조립 → 유통 및 판매 → 애프터마켓으로 구성된 벨류체인을 자랑하며 전후방으로 금융업, 운송업 등과도 긴밀히 연관되어있다. 동사와 같은 완성차기업은 산 업의 구심점으로서 설계부터 판매까지 자동차 제작 과정 전반에 관여하며 산업을 주도해 나간다. 그간 시장에는 소수의 전...","=IFERROR(GOOGLEFINANCE($H82,""price""),"""")","=IF(OR($M82="""",$Q82=""""),"""",$M82/$Q82-1)",ok,Korean numeric ticker; exchange prefix inferred as KRX
7,10,2024-04-17T05:40:10,"Equity Research, 에스티팜",에스티팜,237690,KRX,KRX:237690,http://snusmic.com/wp-content/uploads/2024/04/24_1_1주차_수정보고서_4팀_에스티팜.pdf,2024-04-17_equity-research-에스티팜-3.pdf,83300.0,,114301.0,201602.0,KRW,"– DCF Method 28 6. Appendix 33 3 Equity Research Reportㅣ에스티팜 (237690) 1 Nov 2014 Key Insight 시대가 변해도 영원히 꺾이지 않는 수요가 있다. 바로 질병 치료를 향한 인간의 욕망이다. 아픈 사람은 언제나 존재하고, 이를 치료하기 위한 인간의 욕망은 근원적이다. 무한한 수요 뒤에는 공 급자가 있기 마련으로, 제약바이오 CDMO가 바로 그 주인공이다. 바이오 의약품 시장에 새로운 바람이 불어옴에 따라, CDMO의 패권 또한 새롭게 재구조화 되고 있다. 본격화되는 RNA 치료제 시장을 바라보며, 동사가 내딛을 Giant Step을 기대해보자. Key Insight 1. 제약바이오업계에 부는 새로운 바람 Key Chart 1. RNA 치료제 FDA 승인 누적 건수 출처: I...","=IFERROR(GOOGLEFINANCE($H83,""price""),"""")","=IF(OR($M83="""",$Q83=""""),"""",$M83/$Q83-1)",ok,Korean numeric ticker; exchange prefix inferred as KRX
7,11,2024-04-17T05:39:19,"Equity Research, 한전기술",한전기술,052690,KRX,KRX:052690,http://snusmic.com/wp-content/uploads/2024/04/24_1_1주차_수정보고서_3팀_한전기술.pdf,2024-04-17_equity-research-한전기술-2.pdf,58800.0,,95000.0,,KRW,"1. 원전, 에너지원 리그 선두로 도약 AI는 데이터센터를, 데이터센터는 변압기와 전력 공급 인프라의 수요를 촉진시켰다. 이제 그 다음은 에너지원 그 자체에 집중할 타이밍이다. 에너지 수요의 기울기가 공 급의 기울기를 넘어선 지 오래이며, 공급망 관련 이슈가 계속해서 터져 나왔다. AI 가 촉발한 전력난, 세계적인 탄소 감축 추세, 안정적인 에너지원의 확보. 이 모든 흐름의 교집합에 원전이 자리하고 있다. 친환경 에너지원으로 자리잡은 원자력에게 세계 각 국의 원전 증설 러브콜이 끊이지 않는다. 투자포인트 2. 한전기술, 이 선수의 국적은 대한민국입니다 TEAM KOREA 는 UAE 수주 이후 15년 동안의 암흑기를 딛고 누구보다 화려하게 원 전 르네상스로 복귀한다. 프랑스, 미국 등 유수의 라이벌들이 자멸한 지금, 원전 수출 의 스포트라...","=IFERROR(GOOGLEFINANCE($H84,""price""),"""")","=IF(OR($M84="""",$Q84=""""),"""",$M84/$Q84-1)",ok,Korean numeric ticker; exchange prefix inferred as KRX
7,12,2024-04-17T05:37:41,"Equity Research, 한화오션",한화오션,042660,KRX,KRX:042660,http://snusmic.com/wp-content/uploads/2024/04/24_1_1주차_수정보고서_2팀_한화오션.pdf,2024-04-17_equity-research-한화오션.pdf,28500.0,,50100.0,3.0,KRW,"1. 실적, 선가, 수주의 완벽한 세 박자 과거 조선업의 폭발적인 주가 상승을 이끌었던 요소들이 하나씩 들어맞는 해가 찾아왔다. 올해는 저가 수주에서 고가 수주로의 믹스 개선이 본격적으로 실적으로 보여지는 원년이 며, 3년 넘게 쌓인 일감으로 공급자 우위 시장의 지위를 단단히 확보할 것이다. 견조하게 지지되는 선가는 덤이다. 나아가 수주 피크아웃에 대한 우려 역시 접어 두어도 좋다. 전세 계에서 일어나는 LNG 프로젝트와 친환경 교체 수요를 바탕으로 발주 모멘텀은 계속될 것 이다. 견조한 LNG 수요를 바탕으로 전세계에서는 LNG 프로젝트가 한창이다. 여기에 맞 춰, LNG선 수주 역시 활황을 맞고 있으며, 친환경 규제 또한 LNG선 발주로 이어질 것이 다. 두 모멘텀이 만나 24년, 25년에는 인도량을 훌쩍 뛰어넘는 수주가 이어질 것이...","=IFERROR(GOOGLEFINANCE($H85,""price""),"""")","=IF(OR($M85="""",$Q85=""""),"""",$M85/$Q85-1)",ok,Korean numeric ticker; exchange prefix inferred as KRX
